Year,Company ID,Company code,Company Name,Sector,Industry,Location,Total Liabilities,Cash Flow,Loan Taken,Working Capital,Retained Earnings,EBIT,Market Capitalisation,Sales,Total Assets,Debt to Equity,A,B,C,D,E,Z_Score,Bankruptcy?
2022,101062,BCC,Boise Cascade Company,General,Financial services,Indiana,239786.59,168117.32,466097.44,91574.746,71207.03,-228936.865,-137362.119,137362.119,457873.73,5.6,0.20,0.16,-0.50,-0.30,0.30,-1.15,1
2022,101077,HL,Hecla Mining Company,Private,Financial services,Georgia,70923.15,669134.91,9879680.78,16110.53,293700.35,130714.81,24433.81,540024.16,434676.43,0.373705932,0.18,-0.2,0.4,-0.3,0.5,1.576,1
2021,101062,BCC,Boise Cascade Company,General,Financial services,Georgia,380761.39,834291.45,393101.41,377637.55,436405,111941.36,816583.54,491414.97,731056.91,1.190957405,0.81,0.20,-0.20,-0.10,0.60,1.13,1
2022,101091,ASH,Ashland Inc.,Public,Health Care,Minnesota,139331.94,14866.9,969720.07,796354.562,-97116.41,-388465.64,-194232.82,485582.05,971164.1,3.90,0.82,-0.10,-0.40,-0.20,0.50,-0.10,1
2021,101071,LAC,Lithium Americas Corp.,Public,Real Estate,Minnesota,776743.37,609357.13,20085.46,367853.04,205771.7,67239.92,876593.95,804138.72,791166.85,0.213355389,0.52,-0.30,0.10,-0.40,0.20,0.49,1
2022,101010,SKE,Skeena Resources Limited,General,Real Estate,Texas,515597.44,222879.24,990385,655601.27,177916.22,28757.82,311500.44,859142.95,773233.19,0.99355871,0.84,0.20,-0.30,-0.30,0.30,0.42,1
2022,101061,WDFC,WD-40 Company,Public,Financial services,Utah,343984.21,166771.12,222850.46,899455.09,87474.8,57852.53,883568.12,887788.76,888718.81,0.119781447,1.10,-0.20,-0.10,-0.20,0.40,0.99,1
2021,101013,SIRE,Sisecam Resources LP,General,Energy,Texas,719979.51,802527.86,55972.21,416117.125,83223.425,-332893.7,-83223.425,499340.55,832234.25,2.01,0.50,0.10,-0.40,-0.10,0.60,-0.04,1
2021,101072,KWR,Quaker Chemical Corporation,General,Health Care,Utah,952007.19,877644.38,701270.88,181390.04,413038.35,112532.96,597878.25,685409.71,766530.58,0.711853498,0.55,-0.30,-0.10,-0.30,0.30,0.03,1
2022,101051,TGLS,Tecnoglass Inc.,General,Real Estate,North Carolina,244525.33,618133.05,430362.39,400377.46,376127.02,86025.74,584979.43,501570.67,902074.04,1.001273977,1.07,-0.10,-0.20,-0.20,0.50,0.86,1
2022,101093,AUY,Yamana Gold Inc.,Public,Energy,Tennessee,599483.04,407020.99,411907.53,659389.26,514209.25,21680.62,319057.18,702536.16,813159.12,0.663218429,1.14,0.10,-0.40,-0.40,0.40,0.35,1
2022,101001,USAP,"Universal Stainless & Alloy Products, Inc.",Private,Health Care,Colorado,505210.83,463041.82,289058.51,516837.13,654840.98,153827.11,172116.48,298724.87,880376.07,0.685595755,0.68,-0.30,0.20,-0.20,0.20,1.14,1
2021,101026,TMST,TimkenSteel Corporation,Private,Real Estate,North Carolina,448855.9,194514.94,555922.14,249007.89,612471.38,49291.41,425846.13,116930.04,863962.57,0.355180109,0.95,-0.10,0.10,-0.30,0.60,1.75,1
2021,101096,WFG,West Fraser Timber Co. Ltd.,Private,Basic Materials,Tennessee,457772.53,868888.74,152197.39,664618.28,800025.16,49466.08,444295.29,96877.91,859935.2,0.641613888,0.97,0.20,-0.50,-0.10,0.30,0.03,1
2021,101077,HL,Hecla Mining Company,Private,Financial services,Colorado,310576.6,495137.45,276708.24,425860.65,596065.13,239492.41,192711.37,119641.53,936755.72,0.953710272,1.12,-0.10,-0.10,-0.40,0.50,1.13,1
2022,101030,USLM,"United States Lime & Minerals, Inc.",General,Financial services,Washington,820436.91,190084.19,975385.32,599696.13,590064.28,230133.14,226870.19,84930.44,978532.21,0.581943761,0.82,0.10,-0.30,-0.10,0.40,0.47,1
2021,101031,HWKN,"Hawkins, Inc.",Public,Health Care,Washington,97214.52,294852.58,894241.02,337754.69,259947.81,119730.45,789333.95,60410.15,854417.72,0.098697742,0.95,0.36,0.18,0.09,0.45,2.75,0
2022,101096,WFG,West Fraser Timber Co. Ltd.,Private,Basic Materials,Nebraska,307104.07,794164.13,43900.77,317048.7,20542.34,429942.46,915232.75,90613.55,779159.81,0.074329161,1.13,0.18,0.41,-0.05,0.29,3.23,0
2021,101038,MATV,"Mativ Holdings, Inc.",Private,Financial services,Nebraska,784340.75,549267.46,261768.75,601730.96,821084.57,54184.29,682495.64,396680.14,992077.03,0.070524294,1.93,0.49,0.07,-0.16,0.20,3.35,0
2022,101003,ODC,Oil-Dri Corporation of America,Public,Energy,Virginia,223421.26,122631.75,254169.29,385965.61,32386.07,295738.94,965299.53,463887.88,925285.63,1.0611022,0.41,-0.30,0.24,-0.38,0.27,0.89,1
2021,101019,BIOX,Bioceres Crop Solutions Corp.,General,Energy,Virginia,639850.39,208173.98,196099.52,240609.69,844133.89,52886.15,279765.4,3994.55,739455.91,0.042207206,1.91,-0.19,0.69,0.07,0.27,4.61,0
2021,101056,TROX,Tronox Holdings plc,General,Basic Materials,Florida,340295.27,278047.44,416009.05,78776.73,163807.34,728889.52,344767.66,46414.98,886919.88,0.866592797,0.90,0.08,-0.42,-0.31,0.44,0.07,1
2022,101072,KWR,Quaker Chemical Corporation,General,Health Care,Florida,700361.54,891344.61,844696.75,309779.34,45023.88,707369.13,33973.86,26445.32,804277.57,0.046373464,1.56,-0.01,0.54,-0.30,0.36,3.81,0
2021,101085,ESI,Element Solutions Inc,Public,Basic Materials,Iowa,160522.06,644461.17,788428.11,211595.56,178469.64,439186.52,454508.48,310697.44,724393.33,0.053346563,0.25,-0.01,0.45,-0.36,0.53,2.09,0
2021,101037,KALU,Kaiser Aluminum Corporation,Private,Energy,North Dakota,942013.35,25907.31,260576.14,539003.45,110850.73,639262.89,911163.16,90873.64,992461.86,0.065030185,1.66,0.12,-0.11,-0.15,0.58,2.31,0
2022,101090,EXP,Eagle Materials Inc.,General,Real Estate,Iowa,295491.04,952709.96,598344.54,791743.18,29331.25,300450.9,745693.32,517453.11,829973.3,0.199553312,0.85,-0.13,0.03,-0.31,0.26,1.02,1
2021,101025,LXU,"LSB Industries, Inc.",Private,Health Care,Indiana,596795.15,35494.03,599688.4,555478.38,724294.49,160145.59,249804.31,849357.04,859779.19,0.826549915,0.31,-0.18,-0.03,-0.05,0.28,0.29,1
2021,101005,MSB,Mesabi Trust,Private,Health Care,Ohio,813250.28,327609.13,626317.83,412066.34,281566.39,568941.61,162464.42,465883.5,865811.41,0.06378377,1.30,-0.03,0.63,-0.07,0.58,4.14,0
2022,101033,ASIX,AdvanSix Inc.,Public,Energy,North Dakota,707930.74,722890.82,314793.66,295355.45,257577.84,660440.51,262093.7,699042.89,955887.74,0.037861659,1.75,0.01,0.43,-0.09,0.53,4.03,0
2021,101094,CMC,Commercial Metals Company,General,Consumer Defense,Michigan,81626.05,458921.4,747701.11,7227.91,44035.07,626573.45,443067.5,746698.24,793727.68,0.075553164,0.39,-0.19,0.63,-0.23,0.37,2.53,0
2021,101060,MTRN,Materion Corporation,Private,Energy,Pennsylvania,765870.86,782193.02,463265.7,961745.74,268215.23,474931.44,804015.08,391423.95,970992.65,0.019403951,0.21,-0.26,0.52,-0.10,0.54,2.07,0
2022,101046,SAND,Sandstorm Gold Ltd.,Public,Basic Materials,Indiana,276088.82,534821.9,98603.19,681906.67,735306.12,121953,864923.77,694990.6,849063.53,0.06034249,1.79,-0.11,0.02,-0.14,0.50,2.45,0
2022,101056,TROX,Tronox Holdings plc,General,Basic Materials,Ohio,34693.83,180362.11,932151.71,357707.9891,-46455.583,-190467.8903,-4645.5583,222986.7984,464555.83,3.20,0.77,-0.10,-0.41,-0.01,0.48,-0.08,1
2021,101076,FUL,H.B. Fuller Company,General,Consumer Defense,Oregon,668514.4,502912.95,282532.54,213069.47,135373.94,359609.66,723616.14,683080.6,671901.41,0.661050954,0.57,-0.19,0.08,-0.09,0.32,0.95,1
2022,101013,SIRE,Sisecam Resources LP,General,Energy,Michigan,143529.65,302367.25,368979.33,43530.75,469674.49,367338,166655.37,925429.66,721566.54,0.042731537,1.58,0.42,0.76,-0.24,0.23,5.09,0
2021,101075,AVNT,Avient Corporation,General,Real Estate,Illinois,958776.35,920806.96,247685.59,669033.82,354365.64,321117.9,9043.64,159733.02,606446.92,0.264517464,0.31,-0.28,0.44,0.02,0.22,1.68,1
2022,101047,AG,First Majestic Silver Corp.,General,Consumer Defense,Pennsylvania,716777.5,106305.59,401132.14,690289.74,200046.3,689218,145628.29,362722.48,913718.72,0.001814653,1.76,0.48,0.04,-0.29,0.50,3.24,0
2022,101036,KRO,"Kronos Worldwide, Inc.",General,Consumer Defense,Oregon,5887.58,491695.61,785180.31,123862.17,927824.49,446270.57,794188.77,504586.34,919182.71,0.019925908,1.637565444,-0.200264651,0.117701964,-0.095783631,0.308686194,2.324340519,0
2022,101025,LXU,"LSB Industries, Inc.",Private,Health Care,Illinois,908176.59,201112.07,370298.8,777425.32,50555.44,609734.78,524800.02,674366.49,940542.7,0.363935172,1.08,0.42,-0.36,-0.30,0.40,0.93,1
2021,101083,CC,The Chemours Company,General,Financial services,Idaho,522160.5,579018.09,828406.19,867624.65,173059.53,447219.57,420977.71,770365.01,888687.41,0.091675134,0.23,0.37,-0.04,0.07,0.24,0.94,1
2022,101080,SMG,The Scotts Miracle-Gro Company,General,Energy,Idaho,702913.41,251134.23,562922.85,661087.36,595197.05,375121.56,737070.7,223839.13,802053.4,0.005457703,1.22,0.46,0.58,-0.35,0.57,4.37,0
2021,101008,METC,"Ramaco Resources, Inc.",General,Energy,North Carolina,590920.37,995020.47,391565.43,189839.48,309674.59,473721.3,31285.68,73474.56,524159.12,0.058720989,0.601129084,0.251453643,0.573031006,-0.26677758,0.422485981,3.226811755,0
2022,101028,SCHN,"Schnitzer Steel Industries, Inc.",Public,Basic Materials,North Carolina,793667.51,534607.15,205429.93,640763.44,537156.34,539515.57,626725.4,148179.61,861170.35,0.017467158,1.46,0.35,0.66,-0.31,0.47,4.70,0
2021,101082,CBT,Cabot Corporation,Private,Consumer Defense,Washington,590768.59,213375.97,929016.03,747115.93,563007.05,646243.4,202908,327231.75,948180,0.83244183,1.77,0.34,-0.44,-0.09,0.55,1.64,1
2021,101058,SCL,Stepan Company,Public,Consumer Defense,Virginia,931976.5,851395.6,815919.85,587976.55,996756.02,207033.94,87173.83,814039.27,813315.29,0.366373259,1.79006998,-0.279379964,-0.166837507,-0.229102043,0.43086545,1.499792476,1
2022,101045,OEC,Orion Engineered Carbons S.A.,General,Consumer Defense,Washington,204493.52,855304.63,121703.43,4801.73,832804.59,675418.4,511617.04,680118.65,968744.55,0.28182478,0.55,0.21,-0.30,-0.19,0.39,0.24,1
2021,101069,SXT,Sensient Technologies Corporation,Private,Health Care,Colorado,866251.71,235661.9,512965.71,951314.95,267257.46,291003.6,533080.93,428015.28,709296.83,0.029638513,0.95,0.40,0.47,0.00,0.39,3.64,0
2022,101011,CPAC,Cementos Pacasmayo S.A.A.,General,Consumer Defense,Virginia,367532.32,140502.33,814591.48,809735.81,2799.28,381280.99,195185.1,932189.39,723782.88,0.026363336,0.59,0.37,0.63,0.03,0.43,3.76,0
2021,101070,MEOH,Methanex Corporation,General,Energy,Texas,406156.68,411305.78,154104.78,737959.9472,-215583.8048,-248750.544,-232167.1744,339959.0768,829168.48,3.00,0.89,-0.26,-0.30,-0.28,0.41,-0.05,1
2021,101014,REX,REX American Resources Corporation,Private,Real Estate,Tennessee,403021.41,448113.73,571569.59,996842.88,886685.01,304996.76,363311.6,274063.58,848841.28,0.079611299,1.03,0.07,0.62,0.08,0.38,3.81,0
2021,101092,UNVR,Univar Solutions Inc.,General,Basic Materials,Nebraska,931798.49,251817.69,159252.81,742605.07,418450.67,106298.31,727087.06,616888.84,621210.08,0.039155141,1.68,0.05,0.09,-0.10,0.58,2.88,0
2022,101048,HCC,"Warrior Met Coal, Inc.",General,Financial services,Colorado,322718.77,365279.7,680602.12,678938.41,440092.24,845570.84,238245.06,147638.87,943846.86,0.063434911,0.87,0.34,0.09,-0.38,0.58,2.17,0
2021,101020,KOP,Koppers Holdings Inc.,General,Consumer Defense,Utah,728603.08,328153.15,206223.92,409934.1,491.68,926227.49,531526.42,158305.05,833007.82,0.04091957,1.22,0.29,0.28,-0.38,0.55,3.11,0
2022,101035,HL-PB,Hecla Mining Company,General,Real Estate,Texas,640819.11,917028.72,59008.48,421484.62,628192.19,285388.49,325913.48,56817.17,521276.76,0.053428108,1.01,0.09,0.62,0.04,0.22,3.62,0
2022,101014,REX,REX American Resources Corporation,Private,Real Estate,Tennessee,368665.64,716465.29,504295.66,120378.32,773286.8,50390.9,392007.42,897852.96,515830.53,0.037801549,1.79,0.01,0.16,-0.09,0.58,3.23,0
2022,101066,BAK,Braskem S.A.,General,Consumer Defense,Nebraska,637604.58,602628.41,458121.17,44350.92,176189.83,623087.58,429461.38,214096.53,569311.91,0.236080677,1.57,0.28,-0.29,-0.20,0.29,1.47,1
2021,101032,UAN,"CVR Partners, LP",Private,Basic Materials,Minnesota,549805.53,424962.93,201198.71,224199.468,-112099.734,-138476.142,-145070.244,389052.018,659410.2,3.00,0.34,-0.17,-0.21,-0.22,0.59,-0.06,1
2021,101030,USLM,"United States Lime & Minerals, Inc.",General,Financial services,Georgia,747116.4,109476.1,120801.37,194232.5,524009.74,725750.92,274417.55,36.45,699746.41,0.504544545,1.17,0.36,-0.48,-0.36,0.55,0.67,1
2022,101063,IOSP,Innospec Inc.,Private,Energy,Utah,228970.57,65011.13,450515.95,100696,693272.29,385926.66,978890.27,746283.94,722642.18,0.016504589,0.43,-0.03,0.75,-0.32,0.41,3.18,0
2021,101016,ZEUS,"Olympic Steel, Inc.",Private,Health Care,Florida,741469.28,738487.22,721354.12,131927.94,354923.8,282343.99,316040.82,803065.8,503683.55,0.077881632,1.96,0.27,-0.33,-0.23,0.52,2.01,0
2021,101048,HCC,"Warrior Met Coal, Inc.",General,Financial services,Iowa,206485.26,718231.1,620739.98,116253.29,615648.36,45849.74,865268.89,157273.58,352031.58,0.02656525,0.89,0.39,0.13,0.00,0.56,2.60,0
2021,101028,SCHN,"Schnitzer Steel Industries, Inc.",Public,Basic Materials,North Dakota,525425.36,491079.06,91798.25,237211.38,720595.65,438345.44,210906.14,308710.3,607896.39,0.086196092,1.32,-0.03,0.31,-0.19,0.36,2.80,0
2022,101012,VHI,"Valhi, Inc.",Public,Real Estate,Minnesota,251165.6,996255.96,74751.02,838938.92,101481.39,772861.71,788938.55,513065.66,887830.61,0.091632308,1.94,0.16,-0.40,-0.25,0.40,1.47,1
2021,101066,BAK,Braskem S.A.,General,Consumer Defense,Indiana,104119.79,625352.85,214420.7,496446.7704,-115246.5717,-301414.1106,35460.4836,265953.627,886512.09,4.30,0.56,-0.13,-0.34,0.04,0.30,-0.32,1
2022,101076,FUL,H.B. Fuller Company,General,Consumer Defense,Georgia,92079.95,256891.39,792525.22,713742.93,32937.75,146372.19,195715.26,133422.56,307767.04,0.019625776,0.77,0.14,0.53,-0.17,0.55,3.34,0
2022,101074,NEU,NewMarket Corporation,Public,Consumer Defense,Florida,177769.6,851247.09,943252.71,479884.91,805913.92,818092.38,157384.96,812005.92,992712.35,0.892378275,1.74,0.03,-0.31,-0.13,0.33,1.36,1
2022,101098,AXTA,Axalta Coating Systems Ltd.,Public,Real Estate,Iowa,593164.06,586098.58,81696.85,980124.2,848523.8,569878.04,43504.66,815758.6,942507.12,0.033488291,1.84,-0.21,0.70,-0.01,0.46,4.67,0
2022,101092,UNVR,Univar Solutions Inc.,General,Basic Materials,North Dakota,153906.31,299528.11,801445.36,366275.86,794925.32,82913.4,394572.61,80358.84,394618.67,0.033726368,1.33,-0.03,0.08,-0.10,0.34,2.09,0
2022,101057,EVA,Enviva Inc.,Public,Energy,Indiana,191949.97,335415.51,137444.46,64857.98,631372.15,615899.92,782451.61,626976.9,757305.8,0.076694575,1.94,0.21,-0.33,-0.10,0.57,2.04,0
2021,101011,CPAC,Cementos Pacasmayo S.A.A.,General,Consumer Defense,Ohio,220614.95,708304.54,15520.88,106220.46,630870.64,842581.28,694152.9,74717.91,775896.84,0.035008317,0.56,0.30,0.51,-0.12,0.33,3.03,0
2022,101050,MTX,Minerals Technologies Inc.,Private,Financial services,Ohio,404328.9,409799.23,833921.3,754483.57,670488.62,683641.62,882581.47,672535.69,965033.8,0.061057354,1.04,0.02,0.31,-0.06,0.33,2.60,0
2022,101032,UAN,"CVR Partners, LP",Private,Basic Materials,Michigan,26098.21,601887.67,343072.41,830783.42,599695.95,787604.81,158587.26,207851.61,856315.02,0.039371403,0.402778824,0.217992986,0.366021287,-0.332768301,0.225048155,2.021782191,0
2022,101026,TMST,TimkenSteel Corporation,Private,Real Estate,Pennsylvania,441747.11,350299.58,236576.97,67902.63,733193.5,545638.81,210454.48,606287.83,660292.04,1.023591521,1.20,-0.09,-0.31,-0.06,0.31,0.57,1
2022,101049,EGO,Eldorado Gold Corporation,Public,Basic Materials,Oregon,726151.52,859951.36,62159.92,799741.445,-168366.62,-370406.564,-159948.289,429334.881,841833.1,4.00,0.95,-0.20,-0.44,-0.19,0.51,-0.20,1
2022,101004,FF,FutureFuel Corp.,General,Consumer Defense,Illinois,289701.42,254720.19,537134.77,744437.13,561521.62,39233.22,970082.62,358469.39,486864.78,0.097550509,1.33,-0.26,0.08,-0.06,0.22,1.68,1
2022,101059,AMR,"Alpha Metallurgical Resources, Inc.",General,Consumer Defense,Idaho,920042.22,21036.19,438231.36,709646,537319.31,894993.63,602456.17,540031.12,964160.66,1.152909735,0.80,0.45,-0.37,0.04,0.35,0.76,1
2021,101068,SSRM,SSR Mining Inc.,General,Consumer Defense,Michigan,616959.68,859699.58,609037.23,885198.04,764715.58,405438.22,258956.82,590307.19,742983.7,1.138006734,0.55,0.13,-0.12,-0.01,0.36,0.78,1
2022,101019,BIOX,Bioceres Crop Solutions Corp.,General,Energy,North Carolina,100931.32,158707.79,494547.06,480684.42,279757.97,884204.07,789323.37,720441.46,887962.66,0.888890466,0.476843958,0.309808619,0.095039066,0.01260443,0.218607335,1.545743728,1
2022,101058,SCL,Stepan Company,Public,Consumer Defense,Washington,424853.8,82081.73,754305.56,911927.86,354000.8,696676.57,631222.86,180392.13,772689.58,0.091809544,1.29,0.05,0.49,0.05,0.28,3.53,0
2021,101015,CLW,Clearwater Paper Corporation,General,Basic Materials,Pennsylvania,25454.76,231338.91,339624.83,890020.48,107389.52,884972.64,791929.19,402611.22,868287.26,0.092402033,1.62,-0.29,-0.07,-0.18,0.25,1.46,1
2021,101044,ERO,Ero Copper Corp.,Private,Energy,Oregon,528006.8,508051.18,86358.28,118121.2,877297.41,988058.76,447271.72,448954.21,921091.94,0.09607949,0.53,0.05,0.47,-0.34,0.20,2.25,0
2022,101095,X,United States Steel Corporation,Private,Consumer Defense,Virginia,271716.78,268904.56,223807.43,555182.62,851942.3,917647.12,593250.84,602533.14,986764.69,0.061988864,0.79,0.24,0.19,-0.31,0.31,2.03,0
2021,101067,OR,Osisko Gold Royalties Ltd,Public,Real Estate,Illinois,445179.11,433741.14,201057.96,887532.88,154946.8,59674.35,956636.19,934208.95,489580.87,0.062462615,0.676210564,-0.298745959,0.654901433,-0.045804642,0.391126899,2.918027176,0
2021,101009,RYAM,Rayonier Advanced Materials Inc.,Public,Financial services,Idaho,183900.7,446016.35,47859.32,267679.5615,148253.2956,-201789.2079,-131780.7072,111189.9717,411814.71,4.22,0.65,0.36,-0.49,-0.32,0.27,-0.25,1
2021,101003,ODC,Oil-Dri Corporation of America,Public,Energy,North Carolina,806529.7,245815.89,596185.47,887214.53,902826.73,817000.92,421439.29,363784.46,906224.63,0.606462128,1.26411552,0.319155153,-0.446726846,-0.367840537,0.525493911,0.794346833,1
2021,101053,SLVM,Sylvamo Corporation,General,Real Estate,Washington,819288.17,637161.46,97976.81,482857.65,308196.54,392493.83,940808.64,539624.93,538902.02,0.910724589,0.49,-0.23,-0.08,-0.18,0.35,0.25,1
2021,101045,OEC,Orion Engineered Carbons S.A.,General,Consumer Defense,Virginia,899706.71,765825.4,534903.25,679768.69,354256.92,805207.2,710015.4,246563.59,704057.91,0.749012838,1.54,-0.13,-0.23,-0.39,0.24,0.90,1
2022,101078,PAAS,Pan American Silver Corp.,General,Financial services,Colorado,865085.06,698631.09,894062.59,935973.89,974339.64,435409.37,373025.73,823924.28,757825.37,0.057554989,1.47,0.50,0.30,-0.08,0.26,3.67,0
2022,101086,AGI,Alamos Gold Inc.,General,Financial services,Texas,311057.03,627200.35,427719.36,151581.55,13821.25,785662.15,436766.06,747919.24,580075.44,0.19436101,0.57,-0.30,0.35,0.07,0.25,1.70,1
2021,101035,HL-PB,Hecla Mining Company,General,Real Estate,Colorado,533130.14,97358.24,421891.95,522963.2,422562.59,170796.3,468562.07,217623.07,344965.64,0.035180204,1.77,0.37,-0.20,-0.15,0.41,2.32,0
2021,101049,EGO,Eldorado Gold Corporation,Public,Basic Materials,Texas,510463.65,507430.6,773282.05,255613.12,661775.92,828324.6,838030,407955.27,735733.77,0.745390832,1.75,0.32,-0.39,-0.39,0.58,1.62,1
2022,101053,SLVM,Sylvamo Corporation,General,Real Estate,Tennessee,594575.03,322120.4,356257.17,534827.29,262438.36,645444.79,508674.7,971620.41,665469.25,0.005027179,1.78,0.22,-0.22,-0.29,0.47,2.00,0
2022,101094,CMC,Commercial Metals Company,General,Consumer Defense,Nebraska,771899.56,270408.64,56983.97,213612.498,109179.7212,-175636.9428,-132914.4432,99685.8324,474694.44,4.29,0.45,0.23,-0.37,-0.28,0.21,-0.31,1
2021,101046,SAND,Sandstorm Gold Ltd.,Public,Basic Materials,Tennessee,42147.47,422972.98,658654.88,963968.81,520464.97,960780.97,843625.16,890849.58,934128.68,0.030785271,2.07,0.26,0.28,0.09,0.47,4.29,0
2021,101091,ASH,Ashland Inc.,Public,Health Care,Nebraska,107568.41,11358.62,63430.18,701488.16,796613.89,473693.41,509151.51,398519.56,608826.07,0.080488861,1.36,0.18,0.16,-0.23,0.38,2.64,0
2022,101020,KOP,Koppers Holdings Inc.,General,Consumer Defense,Utah,897795.12,191437.48,286130.66,640024.18,352097.26,587682.65,509186.3,474763.2,560150.5,0.042997888,1.10,0.49,0.22,0.01,0.58,3.31,0
2021,101059,AMR,"Alpha Metallurgical Resources, Inc.",General,Consumer Defense,Utah,531296.92,76636.3,58215.63,431379.37,479910.48,934590.73,350221.61,554210.75,696378.56,0.813901864,0.55,-0.18,-0.18,-0.01,0.33,0.13,1
2021,101051,TGLS,Tecnoglass Inc.,General,Real Estate,Minnesota,709825.05,716770.71,797402.73,127460.98,968007.05,85400.69,545914.52,914625.58,418635.09,0.01586015,0.82,0.22,0.12,0.09,0.57,2.32,0
2022,101044,ERO,Ero Copper Corp.,Private,Energy,Minnesota,557607.55,741482.34,358795.57,392209.51,447967.86,842649.11,719457.09,169506.92,610240.14,0.04745989,0.85,0.23,0.77,-0.02,0.36,4.22,0
2021,101012,VHI,"Valhi, Inc.",Public,Real Estate,Georgia,435342.5,101143.25,872908.48,576106.54,210894.73,873954.76,583307.44,893757.33,700959.09,0.061378194,1.47,0.42,0.01,-0.37,0.40,2.55,0
2021,101036,KRO,"Kronos Worldwide, Inc.",General,Consumer Defense,Florida,857767.89,437006.4,959399.92,187860.0831,-181382.1492,-148992.4797,51823.4712,304462.8933,647793.39,4.26,0.29,-0.28,-0.23,0.08,0.47,-0.28,1
2022,101068,SSRM,SSR Mining Inc.,General,Consumer Defense,Georgia,363397.47,479948.08,598495.66,427259.18,463889.24,787451.02,212904.41,415041.44,586013.11,0.025336037,1.69,0.24,-0.26,0.08,0.43,1.98,0
2022,101083,CC,The Chemours Company,General,Financial services,Florida,799404.26,232730.76,260612.19,509253.38,432181.34,329096.49,960522.29,795852.37,498726.21,0.080324993,1.97,0.28,0.54,-0.36,0.40,4.73,0
2021,101099,OLN,Olin Corporation,General,Real Estate,Iowa,305082.39,484515.91,238796.81,62687.77,650100.13,780964.62,984565.59,716318.5,656209.93,0.043553278,0.34,0.16,0.54,-0.12,0.52,2.87,0
2021,101052,GPRE,Green Plains Inc.,Private,Basic Materials,North Dakota,607689.48,958244.56,505429.26,35367.65,446358.31,867652.08,606279.95,832027.88,620388.15,0.034548668,0.74,0.47,0.41,-0.11,0.42,3.26,0
2021,101054,CSTM,Constellium SE,Private,Health Care,Indiana,170293.82,307210.47,125855.71,509257.28,849128.55,983878.9,937162.8,30541.02,722410.27,0.010088657,0.989639804,-0.130274654,0.720537957,0.052991553,0.451805638,3.866559076,0
2021,101080,SMG,The Scotts Miracle-Gro Company,General,Energy,Ohio,900375.89,79463.62,495442.98,190629.41,288006.69,995796.47,392855.36,974496.98,656881.49,0.090166532,1.04,0.16,0.20,-0.37,0.45,2.37,0
2021,101001,USAP,"Universal Stainless & Alloy Products, Inc.",Private,Health Care,Michigan,26236.4,858297.96,328545.54,360149.45,465448.04,856992.05,756546.57,686270.43,630572.56,0.042181868,1.20,0.29,0.40,0.05,0.50,3.70,0
2021,101087,MP,MP Materials Corp.,Private,Real Estate,Pennsylvania,838154,139709.02,862101.13,744756.66,258335.98,906462.72,221833.95,643152.87,620552.64,0.053605552,0.61,0.46,0.73,-0.31,0.55,4.14,0
2022,101070,MEOH,Methanex Corporation,General,Energy,Iowa,652674.19,911109.44,294426.17,706434.36,524374.89,717105.31,855021.59,347649.39,589313.89,1.098834351,1.27,-0.15,-0.22,-0.10,0.46,1.00,1
2022,101018,AVD,American Vanguard Corporation,Private,Basic Materials,North Dakota,122948.34,921544.13,926553.95,556568.11,31601.46,480637.56,909015.72,775682.26,444314.56,0.186481885,0.27,0.24,-0.09,-0.28,0.49,0.69,1
2022,101087,MP,MP Materials Corp.,Private,Real Estate,Ohio,298612.6,702976.69,25551.96,314295.9225,-58668.5722,-209530.615,16762.4492,167624.492,419061.23,4.60,0.75,-0.14,-0.50,0.04,0.40,-0.70,1
2022,101023,WLKP,Westlake Chemical Partners LP,Private,Basic Materials,Michigan,924979.8,14113.22,879012.58,721622.15,858208.24,873597.63,134763.96,701121.98,618151.51,0.40604437,1.79,0.19,-0.41,-0.26,0.45,1.36,1
2022,101021,SXC,"SunCoke Energy, Inc.",Private,Energy,Pennsylvania,100091.83,5869.7,221245.06,491033.16,895107.56,944052.68,437669.97,629848.34,630056.45,1.149774121,1.16,-0.03,-0.19,0.01,0.34,1.06,1
2022,101085,ESI,Element Solutions Inc,Public,Basic Materials,Oregon,531170.95,479929.24,863457.48,717090.7,646131.71,768969.17,528220.2,612036.15,556176.22,0.179509516,2.11,0.26,-0.49,-0.18,0.51,1.67,1
2021,101061,WDFC,WD-40 Company,Public,Financial services,Oregon,241087.31,409863.73,859219.33,815363.48,951205.64,563781.61,620620.34,389487.5,516753.21,0.235927382,0.310589305,-0.15861929,0.14603034,0.016840896,0.563950973,1.206595793,1
2022,101002,FEAM,5E Advanced Materials Inc.,Public,Consumer Defense,Illinois,560207.46,655044.22,65447.23,326669.36,469016.38,809324.96,806475.82,959337.7,538957.04,0.40716214,0.41,-0.11,0.28,-0.34,0.30,1.37,1
2021,101043,LOMA,Loma Negra Compañía Industrial Argentina Sociedad Anónima,General,Consumer Defense,Illinois,440686.11,695075.66,565533.23,120300.9,756714.96,393085.39,728827.95,536252.68,354650.42,0.036938913,1.57,0.46,0.44,-0.34,0.40,4.18,0
2021,101098,AXTA,Axalta Coating Systems Ltd.,Public,Real Estate,Idaho,827495.23,793905.5,455581.11,261375.71,729733.54,706494.83,350538.4,615445.49,455196.97,0.055417045,1.60,0.11,-0.04,-0.10,0.46,2.34,0
2021,101079,LTHM,Livent Corporation,General,Financial services,North Carolina,451253.11,365934.68,675801.21,212226.9786,-60636.2796,-227386.0485,-136431.6291,232439.0718,505302.33,4.9,0.42,-0.12,-0.45,-0.27,0.46,-0.87,1
2021,101040,ECVT,Ecovyst Inc.,Public,Financial services,Washington,324808.13,35810.94,913665.99,930548.78,935262.81,429734.48,743876.82,408843.6,470721.63,0.473606206,0.93,-0.05,0.03,0.06,0.39,1.57,1
2021,101018,AVD,American Vanguard Corporation,Private,Basic Materials,Virginia,488970.32,912723.55,931866.71,387039.72,768343.32,799594.94,456505.68,40291.25,443273.94,0.33361357,1.18,-0.09,-0.35,-0.02,0.33,0.46,1
2022,101060,MTRN,Materion Corporation,Private,Energy,Idaho,843037.23,681621.08,679219.1,37970.05,335524.21,967015.78,150076.78,895400.4,466187.65,0.044310493,1.40,0.19,-0.03,-0.33,0.35,2.00,0
2022,101031,HWKN,"Hawkins, Inc.",Public,Health Care,North Carolina,427931.06,300839.31,406043.67,936561.76,995363.48,153079.85,86908.44,238162.62,324972.57,0.255620008,0.40,0.35,-0.42,0.03,0.40,0.01,1
2022,101071,LAC,Lithium Americas Corp.,Public,Real Estate,Washington,966847.87,540757.55,118314.37,242797.47,41079.96,734971.07,151492.48,386516.23,312423.94,0.034819172,1.43,0.43,-0.03,0.01,0.42,2.66,0
2022,101037,KALU,Kaiser Aluminum Corporation,Private,Energy,Virginia,787871.95,518771.71,671689.26,961598.36,567552.01,29047.96,279355.33,406737.13,244175.54,0.006573179,1.81,0.28,0.65,-0.39,0.52,5.00,0
2021,101078,PAAS,Pan American Silver Corp.,General,Financial services,Colorado,824956.79,63607.86,424525.26,661429.81,224613.33,747692.1,790509.24,838200.9,454396.03,0.035937006,0.81,-0.17,0.40,-0.39,0.54,2.35,0
2022,101043,LOMA,Loma Negra Compañía Industrial Argentina Sociedad Anónima,General,Consumer Defense,Colorado,943717.94,402058.71,659832.74,325843.5,326396.51,524138.63,414230.77,806108.91,334903.33,0.01768399,1.72,0.38,0.40,-0.03,0.54,4.43,0
2022,101069,SXT,Sensient Technologies Corporation,Private,Health Care,Texas,630984.61,959472.96,742513.7,551036.77,415468.67,496977.35,961827.88,876251.6,393007.19,0.042968167,1.02,0.09,0.56,-0.35,0.42,3.41,0
2021,101074,NEU,NewMarket Corporation,Public,Consumer Defense,Texas,707091.08,399509.44,36192.09,814256.4,893777.15,278597.9,855948.94,249718.02,338994.46,0.676286455,0.30,0.03,0.13,-0.10,0.55,1.31,1
2022,101079,LTHM,Livent Corporation,General,Financial services,Tennessee,60684.52,181935.8,192969.2,903029.97,803240.51,998214.18,166016.66,529227.09,527580.1,0.069532387,1.26,-0.12,-0.24,0.05,0.43,1.02,1
2021,101024,DRD,DRDGOLD Limited,Public,Real Estate,Tennessee,919695.88,787288.82,686618.36,13411.71,582456.26,647504.19,646166.44,948567.97,370814.85,0.122154056,1.33,-0.19,0.01,0.06,0.23,1.64,1
2021,101022,TSE,Trinseo PLC,Public,Health Care,Nebraska,939866.12,698377.07,355740.25,293259.44,55805.3,711022.4,773770.69,622207.59,327578.83,1.084194272,0.202059442,-0.215506193,-6.16127E-05,0.007897075,0.498654159,0.443951742,1
2021,101057,EVA,Enviva Inc.,Public,Energy,Utah,138685.54,664860.92,511584.25,367950.69,237716.27,159628.67,92178.83,841421.32,187072.93,0.074514343,1.898574796,-0.148861173,0.660227612,-0.373817283,0.444871563,4.469216425,0
2022,101041,CMP,"Compass Minerals International, Inc.",General,Health Care,Nebraska,573720.86,791165.88,484733.9,532485.14,479146.67,948988.96,637362.73,517827.82,448459.22,0.705832569,0.368192602,-0.257075756,0.420965261,0.075686215,0.24485921,1.761381366,1
2022,101089,HUN,Huntsman Corporation,Private,Consumer Defense,Utah,284301.58,801176.73,381252.5,24776.89,505552.85,274195.57,755966.87,160960.65,187070.88,0.083607212,0.60,0.25,0.59,-0.26,0.56,3.42,0
2021,101086,AGI,Alamos Gold Inc.,General,Financial services,Minnesota,859233.49,796692.1,425513.37,833915.01,720681.56,854811.27,494245.71,528663.54,463339.06,0.075237938,0.90,-0.07,0.70,-0.35,0.33,3.41,0
2022,101007,MUX,McEwen Mining Inc.,Private,Energy,Minnesota,248889.36,200927.09,650434.12,266329.79,52465.14,567562.86,866554.19,431611.04,263325.11,0.049282087,1.40,0.17,0.45,-0.30,0.35,3.57,0
2021,101004,FF,FutureFuel Corp.,General,Consumer Defense,Georgia,656594.27,691157.37,589364.19,889879.3,216668.97,442188.46,563933.01,968734.13,339899.85,0.054945829,1.68,0.11,0.73,-0.15,0.30,4.80,0
2021,101007,MUX,McEwen Mining Inc.,Private,Energy,Florida,53407.63,799124.26,100341.64,245463.4,458829.38,788059.08,618755.73,905620.35,390491.8,0.051911336,1.81,-0.01,-0.04,-0.10,0.36,2.32,0
2021,101093,AUY,Yamana Gold Inc.,Public,Energy,Iowa,566501.04,111486.48,863061.57,672146.92,618079.58,528502.6,342586.72,364698.93,304257.89,0.005040955,0.86,-0.24,0.55,-0.28,0.25,2.58,0
2021,101021,SXC,"SunCoke Energy, Inc.",Private,Energy,North Dakota,854810.39,696015.82,434351.79,241397.29,765912.63,818009.95,178232.35,115177.45,319340.73,0.534805088,1.45,-0.09,-0.39,0.07,0.20,0.59,1
2021,101010,SKE,Skeena Resources Limited,General,Real Estate,Indiana,52156.95,57270.59,52488.59,931953.86,731345.16,856847.69,740503.42,63769.22,404101.86,0.064350032,1.67,-0.29,0.11,-0.30,0.34,2.10,0
2022,101016,ZEUS,"Olympic Steel, Inc.",Private,Health Care,Georgia,909026.39,422569.08,83857.91,705673.51,262873.39,441921.91,501535.64,373614.76,243487.92,0.055514865,1.47,0.42,0.79,0.09,0.28,5.30,0
2022,101029,CENX,Century Aluminum Company,Private,Consumer Defense,Florida,898149.64,553119.96,258227.81,88550.02,238494.61,258235.27,555785.23,373507.57,145062.32,0.88908906,1.38,0.26,-0.31,0.04,0.38,1.42,1
2021,101047,AG,First Majestic Silver Corp.,General,Consumer Defense,Ohio,412756.85,369714.52,13533.56,412497.03,27725.91,644619.27,233738.3,374384.7,228601.06,0.05614266,1.35,0.19,0.07,-0.04,0.34,2.43,0
2021,101027,NEXA,Nexa Resources S.A.,Public,Real Estate,Michigan,907036.19,879016.89,306006.12,960836.36,294713.59,906905.07,379857.05,730003.51,395249.4,0.469023641,0.92,0.05,-0.04,-0.34,0.34,1.16,1
2022,101075,AVNT,Avient Corporation,General,Real Estate,Iowa,728139.29,502641.81,398030.32,511411.34,337414.71,356716.75,657966.8,108588.47,195430.58,0.017277092,0.21,-0.20,0.57,-0.09,0.30,2.10,0
2022,101099,OLN,Olin Corporation,General,Real Estate,North Dakota,329758.23,723792.28,950643.61,383229.06,644936.79,350119.49,767536.47,245770.09,227109.63,0.090123014,0.66,0.43,0.50,-0.25,0.24,3.13,0
2021,101039,PRM,"Perimeter Solutions, SA",Private,Financial services,Pennsylvania,134683.23,714277.83,505967.38,59359.498,24283.431,-49915.9415,-37774.226,51265.021,134907.95,4.00,0.44,0.18,-0.37,-0.28,0.38,-0.22,1
2021,101033,ASIX,AdvanSix Inc.,Public,Energy,Oregon,416655.85,458385.44,811452.99,98023.43,696060.93,787358,869898.04,982757.51,365678.23,0.082885327,0.68,-0.02,0.43,-0.35,0.35,2.35,0
2022,101065,TFPM,Triple Flag Precious Metals Corp.,Private,Consumer Defense,Indiana,188682.68,20676.21,987669,363935.01,855453.85,836122.97,487568.77,94847.77,332987.03,0.005433455,1.97,0.45,0.40,-0.05,0.59,4.88,0
2022,101054,CSTM,Constellium SE,Private,Health Care,Ohio,234304.52,96456.24,697881.83,759984.9,435821.37,801226.41,244265.51,473282.29,325399.07,0.818908107,0.74,0.33,-0.17,-0.24,0.52,1.17,1
2022,101067,OR,Osisko Gold Royalties Ltd,Public,Real Estate,Michigan,422196.02,267250.89,326920.78,47452.99,954219.82,653729.39,987199.11,319299.27,298524.41,0.100562348,1.56,-0.27,-0.11,0.06,0.21,1.37,1
2022,101005,MSB,Mesabi Trust,Private,Health Care,Pennsylvania,54976.57,23716.17,827013.1,968922.87,564376.9,808519.43,999017.73,759959.12,397551.24,0.087358919,0.84,-0.03,0.09,0.09,0.58,1.90,0
2022,101082,CBT,Cabot Corporation,Private,Consumer Defense,Oregon,348870,819619.67,360114.89,293719.91,923685.02,880144.16,666012.57,169863.55,330911.27,0.051470327,2.01,-0.26,0.22,-0.38,0.23,2.76,0
2021,101042,CGAU,Centerra Gold Inc.,General,Basic Materials,Illinois,386092.9,277140.17,975182.56,442574.42,929202.49,281901.47,952876.82,439465.94,242975.58,0.088967841,1.12,-0.05,0.33,-0.04,0.31,2.65,0
2021,101029,CENX,Century Aluminum Company,Private,Consumer Defense,Idaho,997307.21,270518.04,937802.3,264908.68,354449.4,661517.4,229135.04,713523.41,243012.07,0.348078507,0.89,-0.13,0.13,0.03,0.42,1.75,1
2022,101088,UFPI,"UFP Industries, Inc.",General,Financial services,Illinois,487041.5,250715.38,149989.22,886998.23,759218.27,829975.9,186737.79,187752.27,322176.62,0.056424154,1.38,0.04,0.73,-0.21,0.26,4.25,0
2021,101050,MTX,Minerals Technologies Inc.,Private,Financial services,North Carolina,540492.91,331219.32,986698.42,16702.23,748888.25,760768.77,479641.88,66091.12,244227.83,0.609054132,0.787521353,0.376456875,-0.073862408,-0.351484895,0.576170551,1.593598917,1
2022,101038,MATV,"Mativ Holdings, Inc.",Private,Financial services,Idaho,614296.08,313758.66,409981.08,608229.86,819553.86,121718.88,976179.84,361420.72,198885.5,0.033813569,2.11,-0.20,0.78,-0.30,0.22,4.87,0
2022,101064,NGVT,Ingevity Corporation,General,Real Estate,North Carolina,758683.76,540450.13,625033.07,521581.85,761654.79,809694.5,471464.28,162420.92,273017.07,0.066856892,0.18,0.41,0.72,-0.30,0.29,3.28,0
2021,101017,MERC,Mercer International Inc.,Public,Financial services,Washington,142998.07,55204.34,859954.54,624981.56,76604.31,812588.18,356679.4,777496.5,258522.97,0.045713885,0.98,0.41,0.21,-0.20,0.41,2.73,0
2022,101097,SBSW,Sibanye Stillwater Limited,Public,Health Care,Washington,26878.18,215994.34,253835.94,938687.53,421544,97934.09,791922.84,240645.77,156588.09,0.059711589,1.94,-0.17,0.44,-0.07,0.30,3.82,0
2022,101084,SSD,"Simpson Manufacturing Co., Inc.",Public,Financial services,Virginia,630634.01,34236.41,451936.24,332988.05,883757.15,108983.68,508484.77,160475.2,139416.63,0.080637967,0.34,-0.13,0.73,-0.20,0.44,2.96,0
2021,101002,FEAM,5E Advanced Materials Inc.,Public,Consumer Defense,Virginia,334594.19,754032.06,13240.88,566734.62,934704.14,709952.54,945756.06,532775.98,284774.11,0.024868105,1.74,0.14,0.56,-0.32,0.30,4.23,0
2021,101095,X,United States Steel Corporation,Private,Consumer Defense,Colorado,807660.17,466708.82,787775.98,136525.55,714925.19,906332.48,525075.59,709467.92,267545.72,0.001401592,1.95,-0.15,0.11,-0.06,0.58,3.03,0
2021,101090,EXP,Eagle Materials Inc.,General,Real Estate,Texas,592680.34,650575.11,353378.27,705977.8,529901.53,122940.44,614899.05,442808.43,141586.73,0.021458926,1.58,0.22,0.51,-0.26,0.24,3.97,0
2021,101084,SSD,"Simpson Manufacturing Co., Inc.",Public,Financial services,Tennessee,858756.51,161687.67,571738.33,292869.27,639629.63,689980.02,662638.29,411406.75,206747.74,0.286743239,1.43,0.03,-0.27,-0.10,0.30,1.10,1
2021,101023,WLKP,Westlake Chemical Partners LP,Private,Basic Materials,Nebraska,425143.19,845152.77,657863.1,21908.5,14047.46,901958.11,789530.24,968163.39,206512.54,0.01839284,1.70,0.39,0.24,-0.13,0.53,3.83,0
2022,101073,SUM,"Summit Materials, Inc.",Private,Health Care,Colorado,107472.46,393814.79,936685.96,242017.08,755743.64,383325.47,561520.35,133378.62,141097.71,0.073102926,0.45,0.36,0.48,-0.13,0.26,2.84,0
2021,101034,SA,Seabridge Gold Inc.,General,Consumer Defense,Utah,515298.59,521258.55,616325.55,221570.19,499201.82,448265.81,732682.27,91526.39,130955.49,0.055118025,1.704542463,-0.135127954,0.676119025,-0.358505457,0.451264366,4.323625694,0
2021,101006,IPI,"Intrepid Potash, Inc.",Private,Consumer Defense,Minnesota,193642.77,613860.72,869156.32,936587.27,917585.39,581727.23,717606.43,860691.76,226861.03,0.058152211,1.09,-0.26,0.58,0.00,0.54,3.40,0
2021,101097,SBSW,Sibanye Stillwater Limited,Public,Health Care,Georgia,664679.45,355574.95,679481.56,79529.49,104797.25,459705.7,586603.15,686084.85,111783.75,0.815790065,1.34,0.44,-0.47,-0.25,0.22,0.77,1
2021,101089,HUN,Huntsman Corporation,Private,Consumer Defense,Florida,342307.28,850445.26,334595.9,94667.15,664325.55,846680.21,959788.73,153074.75,168069.4,0.089439254,1.18,0.16,0.23,-0.16,0.41,2.73,0
2021,101088,UFPI,"UFP Industries, Inc.",General,Financial services,Iowa,43049.01,183182.45,612341.19,486140.63,53502.35,619506.31,319008.43,251011.49,108784.39,0.034863345,1.11,-0.09,0.33,-0.40,0.38,2.42,0
2021,101065,TFPM,Triple Flag Precious Metals Corp.,Private,Consumer Defense,North Dakota,52416.47,57501.11,921760.44,642257.87,936701.58,805404.8,920175.05,31572.24,181484.66,0.036881232,0.53,0.07,0.58,0.09,0.42,3.11,0
2022,101042,CGAU,Centerra Gold Inc.,General,Basic Materials,Texas,714664.42,40694.12,65643.17,178089.13,399950.48,411377.92,252765.55,593608.59,97945.73,0.099391508,1.60,0.08,0.35,-0.07,0.29,3.46,0
2022,101081,BCPC,Balchem Corporation,Private,Health Care,Tennessee,707897.25,435357.86,645441.22,85243.76,534924.73,293114.89,723096.67,86605.33,75716.06,0.816464575,2.03,-0.29,-0.36,-0.35,0.28,0.92,1
2022,101034,SA,Seabridge Gold Inc.,General,Consumer Defense,Nebraska,217805.39,919658.42,177677.13,587810.4,339801.91,323073.4,934083.66,895039.2,120440.43,0.043670704,1.32,-0.02,0.34,-0.35,0.30,2.77,0
2021,101063,IOSP,Innospec Inc.,Private,Energy,Indiana,489076.46,331835.85,40625.57,926655.98,2939.25,119291.43,335620.11,122279.53,51018.47,0.072936346,1.99,-0.17,0.37,-0.37,0.23,3.38,0
2021,101055,BVN,Compañía de Minas Buenaventura S.A.A.,Private,Energy,Ohio,316832.31,982033.63,990585.96,279938.63,227110.04,581340.58,551131.34,334024.06,87870.74,0.074554468,1.24,0.19,0.63,-0.05,0.52,4.33,0
2022,101008,METC,"Ramaco Resources, Inc.",General,Energy,Utah,578677.98,326043.97,748615.69,867651.36,213877.48,600756.65,137859.83,512526.98,99913.68,0.0703445,2.13,-0.27,0.58,-0.29,0.25,4.17,0
2022,101055,BVN,Compañía de Minas Buenaventura S.A.A.,Private,Energy,Minnesota,299369.24,317731.31,672226.45,871540.66,746694.52,346454.99,460404.61,352084.05,87745.6,0.407718317,0.96,0.17,-0.03,0.06,0.29,1.61,1
2022,101015,CLW,Clearwater Paper Corporation,General,Basic Materials,Georgia,135993.58,237345.47,697250.68,813949.99,628421.97,221903.35,774388.65,942580.62,72766.63,0.910746037,0.57,0.48,-0.34,-0.05,0.22,0.43,1
2021,101041,CMP,"Compass Minerals International, Inc.",General,Health Care,Michigan,643044.17,827735.86,927392.29,173720.57,664008.48,465305.08,601785.14,355050.57,56207.65,0.156845869,0.72,-0.19,-0.22,-0.15,0.40,0.18,1
2022,101009,RYAM,Rayonier Advanced Materials Inc.,Public,Financial services,Florida,349522.13,534970.45,715063.15,883973.12,856254.94,738977.85,660132.03,253315.82,86203.66,0.088797202,1.03,0.26,0.70,-0.24,0.44,4.21,0
2022,101024,DRD,DRDGOLD Limited,Public,Real Estate,Iowa,729585.79,708693.71,245842.4,688793.72,757325.45,64609.42,917452.21,77607.7,42836.94,0.333397003,1.75,-0.16,-0.39,-0.12,0.55,1.07,1
2022,101017,MERC,Mercer International Inc.,Public,Financial services,North Dakota,781267.31,474368.25,432089.12,380713.9,293425.02,113410.51,22012.08,531244.09,24493.46,0.05967802,2.07,-0.05,0.62,-0.21,0.42,4.75,0
2022,101052,GPRE,Green Plains Inc.,Private,Basic Materials,Indiana,123322.87,182457.38,629851.13,165909.48,534194.72,701095.31,878857.13,119056.63,46825.15,0.516811466,0.45,0.01,0.36,-0.39,0.26,1.77,1
2021,101081,BCPC,Balchem Corporation,Private,Health Care,Pennsylvania,635756.49,193295.33,74722.15,758057.62,102589.53,186732.66,579445.31,374657.45,27253.02,0.005746915,0.96,0.46,0.57,-0.24,0.24,3.78,0
2022,101039,PRM,"Perimeter Solutions, SA",Private,Financial services,Ohio,721073.86,952373.51,248106.2,618012.31,26662.06,191967.15,201071.11,55268.82,17504.15,1.15170738,1.42,-0.21,-0.45,-0.29,0.55,0.32,1
2021,101073,SUM,"Summit Materials, Inc.",Private,Health Care,Oregon,997140.4,439276.93,365670.02,466669.35,880693.39,339706.73,891542.43,465511.19,35675.93,0.092714217,1.98,0.42,-0.01,-0.19,0.59,3.41,0
2022,101022,TSE,Trinseo PLC,Public,Health Care,Michigan,670799.09,389434.34,11582.75,787072.97,114968.97,437905.17,94335.48,144920.8,19988.48,0.036007591,1.01,0.48,0.20,-0.19,0.48,2.90,0
2022,101040,ECVT,Ecovyst Inc.,Public,Financial services,Pennsylvania,337641.06,988989.8,974223.61,782934.17,267468.3,576125.36,303510.96,12592.36,24534.93,0.033774208,1.10,-0.21,0.66,-0.24,0.34,3.41,0
2022,101006,IPI,"Intrepid Potash, Inc.",Private,Consumer Defense,Oregon,672219.03,56057.78,839252.93,99807.89,285444.8,881973.14,406317.9,968560.85,29345.91,0.009509603,0.56,-0.30,0.61,0.10,0.26,2.61,0
2021,101064,NGVT,Ingevity Corporation,General,Real Estate,Illinois,994118.12,334307.87,334840.32,748698.71,575720.21,531440.79,848022.9,573740.12,26889.11,0.008808338,0.37,0.07,0.78,-0.28,0.57,3.53,0
2022,101027,NEXA,Nexa Resources S.A.,Public,Real Estate,Illinois,129596.86,616160.46,544694.69,955969.48,543483.95,568942.75,802735.97,444562.81,16597.35,0.082464093,1.40,-0.05,0.55,0.04,0.25,3.70,0
