Year,Company ID,Company code,Company Name,Sector,Industry,Location,Working Capital,Retained Earnings,EBIT,Market Capitalisation,Sales,Total Assets,Total Liabilities,Cash Flow,Debt to Equity,A,B,C,D,E,Loan Taken,Z_Score,Bankruptcy?
2022,101067,OR,Osisko Gold Royalties Ltd,Public,Real Estate,Michigan,47452.99,954219.82,653729.39,987199.11,319299.27,298524.41,422196.02,267250.89,0.72,0.16,3.2,2.19,3.31,1.07,326920.78,15,0
2022,101005,MSB,Mesabi Trust,Private,Health Care,Pennsylvania,968922.87,564376.9,808519.43,999017.73,759959.12,397551.24,54976.57,23716.17,0.83,2.44,1.42,2.03,2.51,1.91,827013.1,15.14,0
2022,101082,CBT,Cabot Corporation,Private,Consumer Defense,Oregon,293719.91,923685.02,880144.16,666012.57,169863.55,330911.27,348870,819619.67,0.22,0.89,2.79,2.66,2.01,0.51,360114.89,15.5,0
2021,101042,CGAU,Centerra Gold Inc.,General,Basic Materials,Illinois,442574.42,929202.49,281901.47,952876.82,439465.94,242975.58,386092.9,277140.17,0.03,1.82,3.82,1.16,3.92,1.81,975182.56,15.62,0
2021,101029,CENX,Century Aluminum Company,Private,Consumer Defense,Idaho,264908.68,354449.4,661517.4,229135.04,713523.41,243012.07,997307.21,270518.04,0.45,1.09,1.46,2.72,0.94,2.94,937802.3,15.98,0
2022,101088,UFPI,"UFP Industries, Inc.",General,Financial services,Illinois,886998.23,759218.27,829975.9,186737.79,187752.27,322176.62,487041.5,250715.38,0.61,2.75,2.36,2.58,0.58,0.58,149989.22,16.06,0
2021,101050,MTX,Minerals Technologies Inc.,Private,Financial services,North Carolina,16702.23,748888.25,760768.77,479641.88,66091.12,244227.83,540492.91,331219.32,0.17,0.07,3.07,3.11,1.96,0.27,986698.42,16.12,0
2022,101038,MATV,"Mativ Holdings, Inc.",Private,Financial services,Idaho,608229.86,819553.86,121718.88,976179.84,361420.72,198885.5,614296.08,313758.66,0.61,3.06,4.12,0.61,4.91,1.82,409981.08,16.31,0
2022,101064,NGVT,Ingevity Corporation,General,Real Estate,North Carolina,521581.85,761654.79,809694.5,471464.28,162420.92,273017.07,758683.76,540450.13,0.04,1.91,2.79,2.97,1.73,0.59,625033.07,17.65,0
2021,101017,MERC,Mercer International Inc.,Public,Financial services,Washington,624981.56,76604.31,812588.18,356679.4,777496.5,258522.97,142998.07,55204.34,0.78,2.42,0.3,3.14,1.38,3.01,859954.54,17.67,0
2022,101097,SBSW,Sibanye Stillwater Limited,Public,Health Care,Washington,938687.53,421544,97934.09,791922.84,240645.77,156588.09,26878.18,215994.34,0.92,5.99,2.69,0.63,5.06,1.54,253835.94,17.67,0
2022,101084,SSD,"Simpson Manufacturing Co., Inc.",Public,Financial services,Virginia,332988.05,883757.15,108983.68,508484.77,160475.2,139416.63,630634.01,34236.41,0.45,2.39,6.34,0.78,3.65,1.15,451936.24,17.72,0
2021,101002,FEAM,5E Advanced Materials Inc.,Public,Consumer Defense,Virginia,566734.62,934704.14,709952.54,945756.06,532775.98,284774.11,334594.19,754032.06,0.63,1.99,3.28,2.49,3.32,1.87,13240.88,19.17,0
2021,101095,X,United States Steel Corporation,Private,Consumer Defense,Colorado,136525.55,714925.19,906332.48,525075.59,709467.92,267545.72,807660.17,466708.82,0.43,0.51,2.67,3.39,1.96,2.65,787775.98,19.49,0
2021,101090,EXP,Eagle Materials Inc.,General,Real Estate,Texas,705977.8,529901.53,122940.44,614899.05,442808.43,141586.73,592680.34,650575.11,0.08,4.99,3.74,0.87,4.34,3.13,353378.27,19.98,0
2021,101084,SSD,"Simpson Manufacturing Co., Inc.",Public,Financial services,Tennessee,292869.27,639629.63,689980.02,662638.29,411406.75,206747.74,858756.51,161687.67,0.86,1.42,3.09,3.34,3.21,1.99,571738.33,21.06,0
2021,101023,WLKP,Westlake Chemical Partners LP,Private,Basic Materials,Nebraska,21908.5,14047.46,901958.11,789530.24,968163.39,206512.54,425143.19,845152.77,0.08,0.11,0.07,4.37,3.82,4.69,657863.1,21.85,0
2022,101073,SUM,"Summit Materials, Inc.",Private,Health Care,Colorado,242017.08,755743.64,383325.47,561520.35,133378.62,141097.71,107472.46,393814.79,0.39,1.72,5.36,2.72,3.98,0.95,936685.96,21.9,0
2021,101034,SA,Seabridge Gold Inc.,General,Consumer Defense,Utah,221570.19,499201.82,448265.81,732682.27,91526.39,130955.49,515298.59,521258.55,0.45,1.69,3.81,3.42,5.59,0.7,616325.55,22.75,0
2021,101006,IPI,"Intrepid Potash, Inc.",Private,Consumer Defense,Minnesota,936587.27,917585.39,581727.23,717606.43,860691.76,226861.03,193642.77,613860.72,0.92,4.13,4.04,2.56,3.16,3.79,869156.32,24.96,0
2021,101097,SBSW,Sibanye Stillwater Limited,Public,Health Care,Georgia,79529.49,104797.25,459705.7,586603.15,686084.85,111783.75,664679.45,355574.95,0.65,0.71,0.94,4.11,5.25,6.14,679481.56,25.33,0
2021,101089,HUN,Huntsman Corporation,Private,Consumer Defense,Florida,94667.15,664325.55,846680.21,959788.73,153074.75,168069.4,342307.28,850445.26,0.48,0.56,3.95,5.04,5.71,0.91,334595.9,27.22,0
2021,101088,UFPI,"UFP Industries, Inc.",General,Financial services,Iowa,486140.63,53502.35,619506.31,319008.43,251011.49,108784.39,43049.01,183182.45,0.68,4.47,0.49,5.69,2.93,2.31,612341.19,29.03,0
2021,101065,TFPM,Triple Flag Precious Metals Corp.,Private,Consumer Defense,North Dakota,642257.87,936701.58,805404.8,920175.05,31572.24,181484.66,52416.47,57501.11,0.84,3.54,5.16,4.44,5.07,0.17,921760.44,29.34,0
2022,101042,CGAU,Centerra Gold Inc.,General,Basic Materials,Texas,178089.13,399950.48,411377.92,252765.55,593608.59,97945.73,714664.42,40694.12,0.43,1.82,4.08,4.2,2.58,6.06,65643.17,29.67,0
2022,101081,BCPC,Balchem Corporation,Private,Health Care,Tennessee,85243.76,534924.73,293114.89,723096.67,86605.33,75716.06,707897.25,435357.86,0.56,1.13,7.06,3.87,9.55,1.14,645441.22,30.95,0
2022,101034,SA,Seabridge Gold Inc.,General,Consumer Defense,Nebraska,587810.4,339801.91,323073.4,934083.66,895039.2,120440.43,217805.39,919658.42,0.11,4.88,2.82,2.68,7.76,7.43,177677.13,31.11,0
2021,101063,IOSP,Innospec Inc.,Private,Energy,Indiana,926655.98,2939.25,119291.43,335620.11,122279.53,51018.47,489076.46,331835.85,0.2,18.16,0.06,2.34,6.58,2.4,40625.57,36.06,0
2021,101055,BVN,Compañía de Minas Buenaventura S.A.A.,Private,Energy,Ohio,279938.63,227110.04,581340.58,551131.34,334024.06,87870.74,316832.31,982033.63,0.79,3.19,2.58,6.62,6.27,3.8,990585.96,37.03,0
2022,101008,METC,"Ramaco Resources, Inc.",General,Energy,Utah,867651.36,213877.48,600756.65,137859.83,512526.98,99913.68,578677.98,326043.97,0.71,8.68,2.14,6.01,1.38,5.13,748615.69,39.47,0
2022,101055,BVN,Compañía de Minas Buenaventura S.A.A.,Private,Energy,Minnesota,871540.66,746694.52,346454.99,460404.61,352084.05,87745.6,299369.24,317731.31,0.45,9.93,8.51,3.95,5.25,4.01,672226.45,44.22,0
2022,101015,CLW,Clearwater Paper Corporation,General,Basic Materials,Georgia,813949.99,628421.97,221903.35,774388.65,942580.62,72766.63,135993.58,237345.47,0.21,11.19,8.64,3.05,10.64,12.95,697250.68,55.56,0
2021,101041,CMP,"Compass Minerals International, Inc.",General,Health Care,Michigan,173720.57,664008.48,465305.08,601785.14,355050.57,56207.65,643044.17,827735.86,0.59,3.09,11.81,8.28,10.71,6.32,927392.29,60.62,0
2022,101009,RYAM,Rayonier Advanced Materials Inc.,Public,Financial services,Florida,883973.12,856254.94,738977.85,660132.03,253315.82,86203.66,349522.13,534970.45,0.2,10.25,9.93,8.57,7.66,2.94,715063.15,62.18,0
2022,101024,DRD,DRDGOLD Limited,Public,Real Estate,Iowa,688793.72,757325.45,64609.42,917452.21,77607.7,42836.94,729585.79,708693.71,0.08,16.08,17.68,1.51,21.42,1.81,245842.4,63.78,0
2022,101017,MERC,Mercer International Inc.,Public,Financial services,North Dakota,380713.9,293425.02,113410.51,22012.08,531244.09,24493.46,781267.31,474368.25,0.86,15.54,11.98,4.63,0.9,21.69,432089.12,74.02,0
2022,101052,GPRE,Green Plains Inc.,Private,Basic Materials,Indiana,165909.48,534194.72,701095.31,878857.13,119056.63,46825.15,123322.87,182457.38,0.34,3.54,11.41,14.97,18.77,2.54,629851.13,83.56,0
2021,101081,BCPC,Balchem Corporation,Private,Health Care,Pennsylvania,758057.62,102589.53,186732.66,579445.31,374657.45,27253.02,635756.49,193295.33,0.63,27.82,3.76,6.85,21.26,13.75,74722.15,88.45,0
2022,101039,PRM,"Perimeter Solutions, SA",Private,Financial services,Ohio,618012.31,26662.06,191967.15,201071.11,55268.82,17504.15,721073.86,952373.51,0.94,35.31,1.52,10.97,11.49,3.16,248106.2,90.9,0
2021,101073,SUM,"Summit Materials, Inc.",Private,Health Care,Oregon,466669.35,880693.39,339706.73,891542.43,465511.19,35675.93,997140.4,439276.93,0.72,13.08,24.69,9.52,24.99,13.05,365670.02,110.37,0
2022,101022,TSE,Trinseo PLC,Public,Health Care,Michigan,787072.97,114968.97,437905.17,94335.48,144920.8,19988.48,670799.09,389434.34,0.82,39.38,5.75,21.91,4.72,7.25,11582.75,138.04,0
2022,101040,ECVT,Ecovyst Inc.,Public,Financial services,Pennsylvania,782934.17,267468.3,576125.36,303510.96,12592.36,24534.93,337641.06,988989.8,0.84,31.91,10.9,23.48,12.37,0.51,974223.61,139.01,0
2022,101006,IPI,"Intrepid Potash, Inc.",Private,Consumer Defense,Oregon,99807.89,285444.8,881973.14,406317.9,968560.85,29345.91,672219.03,56057.78,0.69,3.4,9.73,30.05,13.85,33,839252.93,159.84,0
2021,101064,NGVT,Ingevity Corporation,General,Real Estate,Illinois,748698.71,575720.21,531440.79,848022.9,573740.12,26889.11,994118.12,334307.87,0.53,27.84,21.41,19.76,31.54,21.34,334840.32,169.94,0
2022,101027,NEXA,Nexa Resources S.A.,Public,Real Estate,Illinois,955969.48,543483.95,568942.75,802735.97,444562.81,16597.35,129596.86,616160.46,0.21,57.6,32.75,34.28,48.37,26.79,544694.69,285.23,0
2022,101003,ODC,Oil-Dri Corporation of America,Public,Energy,Virginia,385965.61,32386.07,295738.94,965299.53,463887.88,925285.63,223421.26,122631.75,0.64,0.42,0.04,0.32,1.04,0.5,254169.29,-1.84,1
2022,101001,USAP,"Universal Stainless & Alloy Products, Inc.",Private,Health Care,Colorado,516837.13,654840.98,153827.11,172116.48,298724.87,880376.07,505210.83,463041.82,0.81,0.59,0.74,0.17,0.2,0.34,289058.51,-0.72,1
2021,101013,SIRE,Sisecam Resources LP,General,Energy,Texas,61786.82,764113.09,34964.71,383960.34,712631.41,832234.25,719979.51,802527.86,1.02,0.07,0.92,0.04,0.46,0.86,55972.21,-0.51,1
2022,101062,BCC,Boise Cascade Company,General,Financial services,Indiana,427403.52,71207.03,682592.75,329770.02,684341.95,457873.73,239786.59,168117.32,0.76,0.93,0.16,1.49,0.72,1.49,466097.44,-0.26,1
2022,101077,HL,Hecla Mining Company,Private,Financial services,Georgia,16110.53,293700.35,130714.81,24433.81,540024.16,434676.43,70923.15,669134.91,1.5,0.04,0.68,0.3,0.06,1.24,9879680.78,-0.09,1
2021,101062,BCC,Boise Cascade Company,General,Financial services,Georgia,377637.55,436405,111941.36,816583.54,491414.97,731056.91,380761.39,834291.45,0.7,0.52,0.6,0.15,1.12,0.67,393101.41,-0.05,1
2022,101091,ASH,Ashland Inc.,Public,Health Care,Minnesota,842071.4,849140.81,134317.35,773912.54,67724.98,971164.1,139331.94,14866.9,0.03,0.87,0.87,0.14,0.8,0.07,969720.07,0.12,0
2021,101071,LAC,Lithium Americas Corp.,Public,Real Estate,Minnesota,367853.04,205771.7,67239.92,876593.95,804138.72,791166.85,776743.37,609357.13,0.49,0.46,0.26,0.08,1.11,1.02,20085.46,0.26,0
2022,101010,SKE,Skeena Resources Limited,General,Real Estate,Texas,655601.27,177916.22,28757.82,311500.44,859142.95,773233.19,515597.44,222879.24,0.87,0.85,0.23,0.04,0.4,1.11,990385,0.37,0
2022,101061,WDFC,WD-40 Company,Public,Financial services,Utah,899455.09,87474.8,57852.53,883568.12,887788.76,888718.81,343984.21,166771.12,0.11,1.01,0.1,0.07,0.99,1,222850.46,0.47,0
2021,101072,KWR,Quaker Chemical Corporation,General,Health Care,Utah,181390.04,413038.35,112532.96,597878.25,685409.71,766530.58,952007.19,877644.38,1.43,0.24,0.54,0.15,0.78,0.89,701270.88,0.61,1
2022,101051,TGLS,Tecnoglass Inc.,General,Real Estate,North Carolina,400377.46,376127.02,86025.74,584979.43,501570.67,902074.04,244525.33,618133.05,0.18,0.44,0.42,0.1,0.65,0.56,430362.39,0.62,1
2022,101093,AUY,Yamana Gold Inc.,Public,Energy,Tennessee,659389.26,514209.25,21680.62,319057.18,702536.16,813159.12,599483.04,407020.99,0.96,0.81,0.63,0.03,0.39,0.86,411907.53,0.62,0
2021,101026,TMST,TimkenSteel Corporation,Private,Real Estate,North Carolina,249007.89,612471.38,49291.41,425846.13,116930.04,863962.57,448855.9,194514.94,1.2,0.29,0.71,0.06,0.49,0.14,555922.14,0.76,0
2021,101096,WFG,West Fraser Timber Co. Ltd.,Private,Basic Materials,Tennessee,664618.28,800025.16,49466.08,444295.29,96877.91,859935.2,457772.53,868888.74,1.51,0.77,0.93,0.06,0.52,0.11,152197.39,0.76,1
2021,101077,HL,Hecla Mining Company,Private,Financial services,Colorado,425860.65,596065.13,239492.41,192711.37,119641.53,936755.72,310576.6,495137.45,1.2,0.45,0.64,0.26,0.21,0.13,276708.24,0.86,0
2022,101030,USLM,"United States Lime & Minerals, Inc.",General,Financial services,Washington,599696.13,590064.28,230133.14,226870.19,84930.44,978532.21,820436.91,190084.19,0.4,0.61,0.6,0.24,0.23,0.09,975385.32,0.87,1
2021,101031,HWKN,"Hawkins, Inc.",Public,Health Care,Washington,337754.69,259947.81,119730.45,789333.95,60410.15,854417.72,97214.52,294852.58,0.3,0.4,0.3,0.14,0.92,0.07,894241.02,1.01,0
2022,101096,WFG,West Fraser Timber Co. Ltd.,Private,Basic Materials,Nebraska,317048.7,20542.34,429942.46,915232.75,90613.55,779159.81,307104.07,794164.13,1.64,0.41,0.03,0.55,1.17,0.12,43900.77,1.59,0
2021,101038,MATV,"Mativ Holdings, Inc.",Private,Financial services,Nebraska,601730.96,821084.57,54184.29,682495.64,396680.14,992077.03,784340.75,549267.46,0.5,0.61,0.83,0.05,0.69,0.4,261768.75,1.73,0
2021,101019,BIOX,Bioceres Crop Solutions Corp.,General,Energy,Virginia,240609.69,844133.89,52886.15,279765.4,3994.55,739455.91,639850.39,208173.98,0.86,0.33,1.14,0.07,0.38,0.01,196099.52,1.98,0
2021,101056,TROX,Tronox Holdings plc,General,Basic Materials,Florida,78776.73,163807.34,728889.52,344767.66,46414.98,886919.88,340295.27,278047.44,0.4,0.09,0.18,0.82,0.39,0.05,416009.05,3.37,0
2022,101072,KWR,Quaker Chemical Corporation,General,Health Care,Florida,309779.34,45023.88,707369.13,33973.86,26445.32,804277.57,700361.54,891344.61,1.2,0.39,0.06,0.88,0.04,0.03,844696.75,3.5,0
2021,101085,ESI,Element Solutions Inc,Public,Basic Materials,Iowa,211595.56,178469.64,439186.52,454508.48,310697.44,724393.33,160522.06,644461.17,0.28,0.29,0.25,0.61,0.63,0.43,788428.11,3.52,0
2021,101037,KALU,Kaiser Aluminum Corporation,Private,Energy,North Dakota,539003.45,110850.73,639262.89,911163.16,90873.64,992461.86,942013.35,25907.31,0.14,0.54,0.11,0.64,0.92,0.09,260576.14,3.58,1
2022,101090,EXP,Eagle Materials Inc.,General,Real Estate,Iowa,791743.18,29331.25,300450.9,745693.32,517453.11,829973.3,295491.04,952709.96,0.44,0.95,0.04,0.36,0.9,0.62,598344.54,3.58,0
2021,101025,LXU,"LSB Industries, Inc.",Private,Health Care,Indiana,555478.38,724294.49,160145.59,249804.31,849357.04,859779.19,596795.15,35494.03,0.87,0.65,0.84,0.19,0.29,0.99,599688.4,3.78,1
2021,101005,MSB,Mesabi Trust,Private,Health Care,Ohio,412066.34,281566.39,568941.61,162464.42,465883.5,865811.41,813250.28,327609.13,0,0.48,0.33,0.66,0.19,0.54,626317.83,3.87,1
2022,101033,ASIX,AdvanSix Inc.,Public,Energy,North Dakota,295355.45,257577.84,660440.51,262093.7,699042.89,955887.74,707930.74,722890.82,0.13,0.31,0.27,0.69,0.27,0.73,314793.66,3.96,1
2021,101094,CMC,Commercial Metals Company,General,Consumer Defense,Michigan,7227.91,44035.07,626573.45,443067.5,746698.24,793727.68,81626.05,458921.4,0.16,0.01,0.06,0.79,0.56,0.94,747701.11,4.02,0
2021,101060,MTRN,Materion Corporation,Private,Energy,Pennsylvania,961745.74,268215.23,474931.44,804015.08,391423.95,970992.65,765870.86,782193.02,0.18,0.99,0.28,0.49,0.83,0.4,463265.7,4.11,0
2022,101046,SAND,Sandstorm Gold Ltd.,Public,Basic Materials,Indiana,681906.67,735306.12,121953,864923.77,694990.6,849063.53,276088.82,534821.9,0.93,0.8,0.87,0.14,1.02,0.82,98603.19,4.12,0
2022,101056,TROX,Tronox Holdings plc,General,Basic Materials,Ohio,570805.44,112536.33,173181.13,5274.12,478385.3,464555.83,34693.83,180362.11,0.19,1.23,0.24,0.37,0.01,1.03,932151.71,4.13,1
2021,101076,FUL,H.B. Fuller Company,General,Consumer Defense,Oregon,213069.47,135373.94,359609.66,723616.14,683080.6,671901.41,668514.4,502912.95,0.48,0.32,0.2,0.54,1.08,1.02,282532.54,4.14,1
2022,101013,SIRE,Sisecam Resources LP,General,Energy,Michigan,43530.75,469674.49,367338,166655.37,925429.66,721566.54,143529.65,302367.25,1.4,0.06,0.65,0.51,0.23,1.28,368979.33,4.15,1
2021,101075,AVNT,Avient Corporation,General,Real Estate,Illinois,669033.82,354365.64,321117.9,9043.64,159733.02,606446.92,958776.35,920806.96,0.5,1.1,0.58,0.53,0.01,0.26,247685.59,4.17,1
2022,101047,AG,First Majestic Silver Corp.,General,Consumer Defense,Pennsylvania,690289.74,200046.3,689218,145628.29,362722.48,913718.72,716777.5,106305.59,0.36,0.76,0.22,0.75,0.16,0.4,401132.14,4.21,0
2022,101036,KRO,"Kronos Worldwide, Inc.",General,Consumer Defense,Oregon,123862.17,927824.49,446270.57,794188.77,504586.34,919182.71,5887.58,491695.61,0.41,0.13,1.01,0.49,0.86,0.55,785180.31,4.27,1
2022,101025,LXU,"LSB Industries, Inc.",Private,Health Care,Illinois,777425.32,50555.44,609734.78,524800.02,674366.49,940542.7,908176.59,201112.07,0.79,0.83,0.05,0.65,0.56,0.72,370298.8,4.29,0
2021,101083,CC,The Chemours Company,General,Financial services,Idaho,867624.65,173059.53,447219.57,420977.71,770365.01,888687.41,522160.5,579018.09,0.21,0.98,0.19,0.5,0.47,0.87,828406.19,4.3,0
2022,101080,SMG,The Scotts Miracle-Gro Company,General,Energy,Idaho,661087.36,595197.05,375121.56,737070.7,223839.13,802053.4,702913.41,251134.23,0.06,0.82,0.74,0.47,0.92,0.28,562922.85,4.42,1
2021,101008,METC,"Ramaco Resources, Inc.",General,Energy,North Carolina,189839.48,309674.59,473721.3,31285.68,73474.56,524159.12,590920.37,995020.47,0.2,0.36,0.59,0.9,0.06,0.14,391565.43,4.43,0
2022,101028,SCHN,"Schnitzer Steel Industries, Inc.",Public,Basic Materials,North Carolina,640763.44,537156.34,539515.57,626725.4,148179.61,861170.35,793667.51,534607.15,0.7,0.74,0.62,0.63,0.73,0.17,205429.93,4.45,0
2021,101082,CBT,Cabot Corporation,Private,Consumer Defense,Washington,747115.93,563007.05,646243.4,202908,327231.75,948180,590768.59,213375.97,0.75,0.79,0.59,0.68,0.21,0.35,929016.03,4.52,0
2021,101058,SCL,Stepan Company,Public,Consumer Defense,Virginia,587976.55,996756.02,207033.94,87173.83,814039.27,813315.29,931976.5,851395.6,0.82,0.72,1.23,0.25,0.11,1,815919.85,4.54,1
2022,101045,OEC,Orion Engineered Carbons S.A.,General,Consumer Defense,Washington,4801.73,832804.59,675418.4,511617.04,680118.65,968744.55,204493.52,855304.63,0.86,0,0.86,0.7,0.53,0.7,121703.43,4.56,1
2021,101069,SXT,Sensient Technologies Corporation,Private,Health Care,Colorado,951314.95,267257.46,291003.6,533080.93,428015.28,709296.83,866251.71,235661.9,0.81,1.34,0.38,0.41,0.75,0.6,512965.71,4.58,1
2022,101011,CPAC,Cementos Pacasmayo S.A.A.,General,Consumer Defense,Virginia,809735.81,2799.28,381280.99,195185.1,932189.39,723782.88,367532.32,140502.33,0.16,1.12,0,0.53,0.27,1.29,814591.48,4.6,0
2021,101070,MEOH,Methanex Corporation,General,Energy,Texas,621734.87,232880,614412.39,20166.27,696313.28,829168.48,406156.68,411305.78,0.16,0.75,0.28,0.74,0.02,0.84,154104.78,4.63,0
2021,101014,REX,REX American Resources Corporation,Private,Real Estate,Tennessee,996842.88,886685.01,304996.76,363311.6,274063.58,848841.28,403021.41,448113.73,0.27,1.17,1.04,0.36,0.43,0.32,571569.59,4.65,0
2021,101092,UNVR,Univar Solutions Inc.,General,Basic Materials,Nebraska,742605.07,418450.67,106298.31,727087.06,616888.84,621210.08,931798.49,251817.69,0.7,1.2,0.67,0.17,1.17,0.99,159252.81,4.69,0
2022,101048,HCC,"Warrior Met Coal, Inc.",General,Financial services,Colorado,678938.41,440092.24,845570.84,238245.06,147638.87,943846.86,322718.77,365279.7,0.13,0.72,0.47,0.9,0.25,0.16,680602.12,4.79,0
2021,101020,KOP,Koppers Holdings Inc.,General,Consumer Defense,Utah,409934.1,491.68,926227.49,531526.42,158305.05,833007.82,728603.08,328153.15,0.65,0.49,0,1.11,0.64,0.19,206223.92,4.84,1
2022,101035,HL-PB,Hecla Mining Company,General,Real Estate,Texas,421484.62,628192.19,285388.49,325913.48,56817.17,521276.76,640819.11,917028.72,0.48,0.81,1.21,0.55,0.63,0.11,59008.48,4.95,0
2022,101014,REX,REX American Resources Corporation,Private,Real Estate,Tennessee,120378.32,773286.8,50390.9,392007.42,897852.96,515830.53,368665.64,716465.29,0.96,0.23,1.5,0.1,0.76,1.74,504295.66,4.98,0
2022,101066,BAK,Braskem S.A.,General,Consumer Defense,Nebraska,44350.92,176189.83,623087.58,429461.38,214096.53,569311.91,637604.58,602628.41,0.6,0.08,0.31,1.09,0.75,0.38,458121.17,4.99,1
2021,101032,UAN,"CVR Partners, LP",Private,Basic Materials,Minnesota,254617.8,493506.25,398350.2,16378.79,928926.77,659410.2,549805.53,424962.93,0.01,0.39,0.75,0.6,0.02,1.41,201198.71,5,1
2021,101030,USLM,"United States Lime & Minerals, Inc.",General,Financial services,Georgia,194232.5,524009.74,725750.92,274417.55,36.45,699746.41,747116.4,109476.1,0.53,0.28,0.75,1.04,0.39,0,120801.37,5.04,0
2022,101063,IOSP,Innospec Inc.,Private,Energy,Utah,100696,693272.29,385926.66,978890.27,746283.94,722642.18,228970.57,65011.13,0.72,0.14,0.96,0.53,1.35,1.03,450515.95,5.17,1
2021,101016,ZEUS,"Olympic Steel, Inc.",Private,Health Care,Florida,131927.94,354923.8,282343.99,316040.82,803065.8,503683.55,741469.28,738487.22,0.16,0.26,0.7,0.56,0.63,1.59,721354.12,5.2,1
2021,101048,HCC,"Warrior Met Coal, Inc.",General,Financial services,Iowa,116253.29,615648.36,45849.74,865268.89,157273.58,352031.58,206485.26,718231.1,0.11,0.33,1.75,0.13,2.46,0.45,620739.98,5.22,1
2021,101028,SCHN,"Schnitzer Steel Industries, Inc.",Public,Basic Materials,North Dakota,237211.38,720595.65,438345.44,210906.14,308710.3,607896.39,525425.36,491079.06,0.31,0.39,1.19,0.72,0.35,0.51,91798.25,5.25,0
2022,101012,VHI,"Valhi, Inc.",Public,Real Estate,Minnesota,838938.92,101481.39,772861.71,788938.55,513065.66,887830.61,251165.6,996255.96,0.3,0.94,0.11,0.87,0.89,0.58,74751.02,5.31,0
2021,101066,BAK,Braskem S.A.,General,Consumer Defense,Indiana,548430.33,63326.93,829278.39,783478.58,727504.33,886512.09,104119.79,625352.85,0.01,0.62,0.07,0.94,0.88,0.82,214420.7,5.32,0
2022,101076,FUL,H.B. Fuller Company,General,Consumer Defense,Georgia,713742.93,32937.75,146372.19,195715.26,133422.56,307767.04,92079.95,256891.39,0.04,2.32,0.11,0.48,0.64,0.43,792525.22,5.34,1
2022,101074,NEU,NewMarket Corporation,Public,Consumer Defense,Florida,479884.91,805913.92,818092.38,157384.96,812005.92,992712.35,177769.6,851247.09,0.01,0.48,0.81,0.82,0.16,0.82,943252.71,5.39,1
2022,101098,AXTA,Axalta Coating Systems Ltd.,Public,Real Estate,Iowa,980124.2,848523.8,569878.04,43504.66,815758.6,942507.12,593164.06,586098.58,0.14,1.04,0.9,0.6,0.05,0.87,81696.85,5.44,0
2022,101092,UNVR,Univar Solutions Inc.,General,Basic Materials,North Dakota,366275.86,794925.32,82913.4,394572.61,80358.84,394618.67,153906.31,299528.11,0.2,0.93,2.01,0.21,1,0.2,801445.36,5.44,1
2022,101057,EVA,Enviva Inc.,Public,Energy,Indiana,64857.98,631372.15,615899.92,782451.61,626976.9,757305.8,191949.97,335415.51,0.59,0.09,0.83,0.81,1.03,0.83,137444.46,5.44,0
2021,101011,CPAC,Cementos Pacasmayo S.A.A.,General,Consumer Defense,Ohio,106220.46,630870.64,842581.28,694152.9,74717.91,775896.84,220614.95,708304.54,0.85,0.14,0.81,1.09,0.89,0.1,15520.88,5.52,1
2022,101050,MTX,Minerals Technologies Inc.,Private,Financial services,Ohio,754483.57,670488.62,683641.62,882581.47,672535.69,965033.8,404328.9,409799.23,0.28,0.78,0.69,0.71,0.91,0.7,833921.3,5.53,0
2022,101032,UAN,"CVR Partners, LP",Private,Basic Materials,Michigan,830783.42,599695.95,787604.81,158587.26,207851.61,856315.02,26098.21,601887.67,0.58,0.97,0.7,0.92,0.19,0.24,343072.41,5.55,0
2022,101026,TMST,TimkenSteel Corporation,Private,Real Estate,Pennsylvania,67902.63,733193.5,545638.81,210454.48,606287.83,660292.04,441747.11,350299.58,1.5,0.1,1.11,0.83,0.32,0.92,236576.97,5.56,1
2022,101049,EGO,Eldorado Gold Corporation,Public,Basic Materials,Oregon,366205.47,393703.7,970674.64,518530.05,187725.72,841833.1,726151.52,859951.36,0.49,0.44,0.47,1.15,0.62,0.22,62159.92,5.59,1
2022,101004,FF,FutureFuel Corp.,General,Consumer Defense,Illinois,744437.13,561521.62,39233.22,970082.62,358469.39,486864.78,289701.42,254720.19,0.06,1.53,1.15,0.08,1.99,0.74,537134.77,5.68,0
2022,101059,AMR,"Alpha Metallurgical Resources, Inc.",General,Consumer Defense,Idaho,709646,537319.31,894993.63,602456.17,540031.12,964160.66,920042.22,21036.19,0.82,0.74,0.56,0.93,0.62,0.56,438231.36,5.69,1
2021,101068,SSRM,SSR Mining Inc.,General,Consumer Defense,Michigan,885198.04,764715.58,405438.22,258956.82,590307.19,742983.7,616959.68,859699.58,0.74,1.19,1.03,0.55,0.35,0.79,609037.23,5.71,0
2022,101019,BIOX,Bioceres Crop Solutions Corp.,General,Energy,North Carolina,480684.42,279757.97,884204.07,789323.37,720441.46,887962.66,100931.32,158707.79,0.13,0.54,0.32,1,0.89,0.81,494547.06,5.76,0
2022,101058,SCL,Stepan Company,Public,Consumer Defense,Washington,911927.86,354000.8,696676.57,631222.86,180392.13,772689.58,424853.8,82081.73,0.44,1.18,0.46,0.9,0.82,0.23,754305.56,5.77,1
2021,101015,CLW,Clearwater Paper Corporation,General,Basic Materials,Pennsylvania,890020.48,107389.52,884972.64,791929.19,402611.22,868287.26,25454.76,231338.91,0.76,1.03,0.12,1.02,0.91,0.46,339624.83,5.8,1
2021,101044,ERO,Ero Copper Corp.,Private,Energy,Oregon,118121.2,877297.41,988058.76,447271.72,448954.21,921091.94,528006.8,508051.18,0.46,0.13,0.95,1.07,0.49,0.49,86358.28,5.83,1
2022,101095,X,United States Steel Corporation,Private,Consumer Defense,Virginia,555182.62,851942.3,917647.12,593250.84,602533.14,986764.69,271716.78,268904.56,0.58,0.56,0.86,0.93,0.6,0.61,223807.43,5.95,1
2021,101067,OR,Osisko Gold Royalties Ltd,Public,Real Estate,Illinois,887532.88,154946.8,59674.35,956636.19,934208.95,489580.87,445179.11,433741.14,0.75,1.81,0.32,0.12,1.95,1.91,201057.96,6.2,1
2021,101009,RYAM,Rayonier Advanced Materials Inc.,Public,Financial services,Idaho,474086.93,561022.94,271623.7,255427.39,144545.91,411814.71,183900.7,446016.35,0.39,1.15,1.36,0.66,0.62,0.35,47859.32,6.21,0
2021,101003,ODC,Oil-Dri Corporation of America,Public,Energy,North Carolina,887214.53,902826.73,817000.92,421439.29,363784.46,906224.63,806529.7,245815.89,0.92,0.98,1,0.9,0.47,0.4,596185.47,6.25,1
2021,101053,SLVM,Sylvamo Corporation,General,Real Estate,Washington,482857.65,308196.54,392493.83,940808.64,539624.93,538902.02,819288.17,637161.46,0.03,0.9,0.57,0.73,1.75,1,97976.81,6.38,0
2021,101045,OEC,Orion Engineered Carbons S.A.,General,Consumer Defense,Virginia,679768.69,354256.92,805207.2,710015.4,246563.59,704057.91,899706.71,765825.4,0.43,0.97,0.5,1.14,1.01,0.35,534903.25,6.61,1
2022,101078,PAAS,Pan American Silver Corp.,General,Financial services,Colorado,935973.89,974339.64,435409.37,373025.73,823924.28,757825.37,865085.06,698631.09,0.46,1.24,1.29,0.57,0.49,1.09,894062.59,6.62,0
2022,101086,AGI,Alamos Gold Inc.,General,Financial services,Texas,151581.55,13821.25,785662.15,436766.06,747919.24,580075.44,311057.03,627200.35,0.56,0.26,0.02,1.35,0.75,1.29,427719.36,6.62,1
2021,101035,HL-PB,Hecla Mining Company,General,Real Estate,Colorado,522963.2,422562.59,170796.3,468562.07,217623.07,344965.64,533130.14,97358.24,0.27,1.52,1.22,0.5,1.36,0.63,421891.95,6.65,1
2021,101049,EGO,Eldorado Gold Corporation,Public,Basic Materials,Texas,255613.12,661775.92,828324.6,838030,407955.27,735733.77,510463.65,507430.6,0.88,0.35,0.9,1.13,1.14,0.55,773282.05,6.66,1
2022,101053,SLVM,Sylvamo Corporation,General,Real Estate,Tennessee,534827.29,262438.36,645444.79,508674.7,971620.41,665469.25,594575.03,322120.4,0.06,0.8,0.39,0.97,0.76,1.46,356257.17,6.71,1
2022,101094,CMC,Commercial Metals Company,General,Consumer Defense,Nebraska,948857.47,311102.88,153765.74,336623.92,957370.82,474694.44,771899.56,270408.64,0.21,2,0.66,0.32,0.71,2.02,56983.97,6.93,1
2021,101046,SAND,Sandstorm Gold Ltd.,Public,Basic Materials,Tennessee,963968.81,520464.97,960780.97,843625.16,890849.58,934128.68,42147.47,422972.98,0.12,1.03,0.56,1.03,0.9,0.95,658654.88,6.96,1
2021,101091,ASH,Ashland Inc.,Public,Health Care,Nebraska,701488.16,796613.89,473693.41,509151.51,398519.56,608826.07,107568.41,11358.62,0.42,1.15,1.31,0.78,0.84,0.65,63430.18,6.97,0
2022,101020,KOP,Koppers Holdings Inc.,General,Consumer Defense,Utah,640024.18,352097.26,587682.65,509186.3,474763.2,560150.5,897795.12,191437.48,0.16,1.14,0.63,1.05,0.91,0.85,286130.66,7.15,1
2021,101059,AMR,"Alpha Metallurgical Resources, Inc.",General,Consumer Defense,Utah,431379.37,479910.48,934590.73,350221.61,554210.75,696378.56,531296.92,76636.3,0.46,0.62,0.69,1.34,0.5,0.8,58215.63,7.27,0
2021,101051,TGLS,Tecnoglass Inc.,General,Real Estate,Minnesota,127460.98,968007.05,85400.69,545914.52,914625.58,418635.09,709825.05,716770.71,0.28,0.3,2.31,0.2,1.3,2.18,797402.73,7.35,1
2022,101044,ERO,Ero Copper Corp.,Private,Energy,Minnesota,392209.51,447967.86,842649.11,719457.09,169506.92,610240.14,557607.55,741482.34,0.63,0.64,0.73,1.38,1.18,0.28,358795.57,7.35,0
2021,101012,VHI,"Valhi, Inc.",Public,Real Estate,Georgia,576106.54,210894.73,873954.76,583307.44,893757.33,700959.09,435342.5,101143.25,0.68,0.82,0.3,1.25,0.83,1.28,872908.48,7.36,0
2021,101036,KRO,"Kronos Worldwide, Inc.",General,Consumer Defense,Florida,884970.16,56737.9,939088.07,509301.24,220179.75,647793.39,857767.89,437006.4,0.68,1.37,0.09,1.45,0.79,0.34,959399.92,7.37,0
2022,101068,SSRM,SSR Mining Inc.,General,Consumer Defense,Georgia,427259.18,463889.24,787451.02,212904.41,415041.44,586013.11,363397.47,479948.08,0.97,0.73,0.79,1.34,0.36,0.71,598495.66,7.38,1
2022,101083,CC,The Chemours Company,General,Financial services,Florida,509253.38,432181.34,329096.49,960522.29,795852.37,498726.21,799404.26,232730.76,0,1.02,0.87,0.66,1.93,1.6,260612.19,7.45,0
2021,101099,OLN,Olin Corporation,General,Real Estate,Iowa,62687.77,650100.13,780964.62,984565.59,716318.5,656209.93,305082.39,484515.91,0.5,0.1,0.99,1.19,1.5,1.09,238796.81,7.48,0
2021,101052,GPRE,Green Plains Inc.,Private,Basic Materials,North Dakota,35367.65,446358.31,867652.08,606279.95,832027.88,620388.15,607689.48,958244.56,0.63,0.06,0.72,1.4,0.98,1.34,505429.26,7.69,1
2021,101054,CSTM,Constellium SE,Private,Health Care,Indiana,509257.28,849128.55,983878.9,937162.8,30541.02,722410.27,170293.82,307210.47,0.68,0.7,1.18,1.36,1.3,0.04,125855.71,7.81,1
2021,101080,SMG,The Scotts Miracle-Gro Company,General,Energy,Ohio,190629.41,288006.69,995796.47,392855.36,974496.98,656881.49,900375.89,79463.62,0.33,0.29,0.44,1.52,0.6,1.48,495442.98,7.88,0
2021,101001,USAP,"Universal Stainless & Alloy Products, Inc.",Private,Health Care,Michigan,360149.45,465448.04,856992.05,756546.57,686270.43,630572.56,26236.4,858297.96,0.45,0.57,0.74,1.36,1.2,1.09,328545.54,8.07,1
2021,101087,MP,MP Materials Corp.,Private,Real Estate,Pennsylvania,744756.66,258335.98,906462.72,221833.95,643152.87,620552.64,838154,139709.02,0.47,1.2,0.42,1.46,0.36,1.04,862101.13,8.15,0
2022,101070,MEOH,Methanex Corporation,General,Energy,Iowa,706434.36,524374.89,717105.31,855021.59,347649.39,589313.89,652674.19,911109.44,0.44,1.2,0.89,1.22,1.45,0.59,294426.17,8.19,0
2022,101018,AVD,American Vanguard Corporation,Private,Basic Materials,North Dakota,556568.11,31601.46,480637.56,909015.72,775682.26,444314.56,122948.34,921544.13,0.01,1.25,0.07,1.08,2.05,1.75,926553.95,8.23,0
2022,101087,MP,MP Materials Corp.,Private,Real Estate,Ohio,257371.94,966474.22,312701.24,732163.16,686091.18,419061.23,298612.6,702976.69,0.08,0.61,2.31,0.75,1.75,1.64,25551.96,9.2,1
2022,101023,WLKP,Westlake Chemical Partners LP,Private,Basic Materials,Michigan,721622.15,858208.24,873597.63,134763.96,701121.98,618151.51,924979.8,14113.22,0.47,1.17,1.39,1.41,0.22,1.13,879012.58,9.33,1
2022,101021,SXC,"SunCoke Energy, Inc.",Private,Energy,Pennsylvania,491033.16,895107.56,944052.68,437669.97,629848.34,630056.45,100091.83,5869.7,0.69,0.78,1.42,1.5,0.69,1,221245.06,9.34,0
2022,101085,ESI,Element Solutions Inc,Public,Basic Materials,Oregon,717090.7,646131.71,768969.17,528220.2,612036.15,556176.22,531170.95,479929.24,0.28,1.29,1.16,1.38,0.95,1.1,863457.48,9.46,0
2021,101061,WDFC,WD-40 Company,Public,Financial services,Oregon,815363.48,951205.64,563781.61,620620.34,389487.5,516753.21,241087.31,409863.73,0.01,1.58,1.84,1.09,1.2,0.75,859219.33,9.58,1
2022,101002,FEAM,5E Advanced Materials Inc.,Public,Consumer Defense,Illinois,326669.36,469016.38,809324.96,806475.82,959337.7,538957.04,560207.46,655044.22,0.26,0.61,0.87,1.5,1.5,1.78,65447.23,9.67,1
2021,101043,LOMA,Loma Negra Compañía Industrial Argentina Sociedad Anónima,General,Consumer Defense,Illinois,120300.9,756714.96,393085.39,728827.95,536252.68,354650.42,440686.11,695075.66,0.92,0.34,2.13,1.11,2.06,1.51,565533.23,9.87,0
2021,101098,AXTA,Axalta Coating Systems Ltd.,Public,Real Estate,Idaho,261375.71,729733.54,706494.83,350538.4,615445.49,455196.97,827495.23,793905.5,0.9,0.57,1.6,1.55,0.77,1.35,455581.11,9.94,1
2021,101079,LTHM,Livent Corporation,General,Financial services,North Carolina,730958.23,679063.04,774640.93,792506.52,187475.68,505302.33,451253.11,365934.68,0.84,1.45,1.34,1.53,1.57,0.37,675801.21,10.01,1
2021,101040,ECVT,Ecovyst Inc.,Public,Financial services,Washington,930548.78,935262.81,429734.48,743876.82,408843.6,470721.63,324808.13,35810.94,0.38,1.98,1.99,0.91,1.58,0.87,913665.99,10.03,0
2021,101018,AVD,American Vanguard Corporation,Private,Basic Materials,Virginia,387039.72,768343.32,799594.94,456505.68,40291.25,443273.94,488970.32,912723.55,0.66,0.87,1.73,1.8,1.03,0.09,931866.71,10.14,1
2022,101060,MTRN,Materion Corporation,Private,Energy,Idaho,37970.05,335524.21,967015.78,150076.78,895400.4,466187.65,843037.23,681621.08,0.82,0.08,0.72,2.07,0.32,1.92,679219.1,10.16,0
2022,101031,HWKN,"Hawkins, Inc.",Public,Health Care,North Carolina,936561.76,995363.48,153079.85,86908.44,238162.62,324972.57,427931.06,300839.31,0.27,2.88,3.06,0.47,0.27,0.73,406043.67,10.23,1
2022,101071,LAC,Lithium Americas Corp.,Public,Real Estate,Washington,242797.47,41079.96,734971.07,151492.48,386516.23,312423.94,966847.87,540757.55,0.09,0.78,0.13,2.35,0.48,1.24,118314.37,10.47,0
2022,101037,KALU,Kaiser Aluminum Corporation,Private,Energy,Virginia,961598.36,567552.01,29047.96,279355.33,406737.13,244175.54,787871.95,518771.71,0.98,3.94,2.32,0.12,1.14,1.67,671689.26,10.81,1
2021,101078,PAAS,Pan American Silver Corp.,General,Financial services,Colorado,661429.81,224613.33,747692.1,790509.24,838200.9,454396.03,824956.79,63607.86,0.13,1.46,0.49,1.65,1.74,1.84,424525.26,10.85,0
2022,101043,LOMA,Loma Negra Compañía Industrial Argentina Sociedad Anónima,General,Consumer Defense,Colorado,325843.5,326396.51,524138.63,414230.77,806108.91,334903.33,943717.94,402058.71,0.58,0.97,0.97,1.57,1.24,2.41,659832.74,10.97,1
2022,101069,SXT,Sensient Technologies Corporation,Private,Health Care,Texas,551036.77,415468.67,496977.35,961827.88,876251.6,393007.19,630984.61,959472.96,0.61,1.4,1.06,1.26,2.45,2.23,742513.7,11.15,1
2021,101074,NEU,NewMarket Corporation,Public,Consumer Defense,Texas,814256.4,893777.15,278597.9,855948.94,249718.02,338994.46,707091.08,399509.44,0.41,2.4,2.64,0.82,2.52,0.74,36192.09,11.57,0
2022,101079,LTHM,Livent Corporation,General,Financial services,Tennessee,903029.97,803240.51,998214.18,166016.66,529227.09,527580.1,60684.52,181935.8,0.9,1.71,1.52,1.89,0.31,1,192969.2,11.67,0
2021,101024,DRD,DRDGOLD Limited,Public,Real Estate,Tennessee,13411.71,582456.26,647504.19,646166.44,948567.97,370814.85,919695.88,787288.82,0.82,0.04,1.57,1.75,1.74,2.56,686618.36,11.74,1
2021,101022,TSE,Trinseo PLC,Public,Health Care,Nebraska,293259.44,55805.3,711022.4,773770.69,622207.59,327578.83,939866.12,698377.07,0.11,0.9,0.17,2.17,2.36,1.9,355740.25,11.89,0
2021,101057,EVA,Enviva Inc.,Public,Energy,Utah,367950.69,237716.27,159628.67,92178.83,841421.32,187072.93,138685.54,664860.92,0.94,1.97,1.27,0.85,0.49,4.5,511584.25,11.97,0
2022,101041,CMP,"Compass Minerals International, Inc.",General,Health Care,Nebraska,532485.14,479146.67,948988.96,637362.73,517827.82,448459.22,573720.86,791165.88,0.78,1.19,1.07,2.12,1.42,1.15,484733.9,11.97,1
2022,101089,HUN,Huntsman Corporation,Private,Consumer Defense,Utah,24776.89,505552.85,274195.57,755966.87,160960.65,187070.88,284301.58,801176.73,0.89,0.13,2.7,1.47,4.04,0.86,381252.5,12.11,1
2021,101086,AGI,Alamos Gold Inc.,General,Financial services,Minnesota,833915.01,720681.56,854811.27,494245.71,528663.54,463339.06,859233.49,796692.1,0.04,1.8,1.56,1.84,1.07,1.14,425513.37,12.26,1
2022,101007,MUX,McEwen Mining Inc.,Private,Energy,Minnesota,266329.79,52465.14,567562.86,866554.19,431611.04,263325.11,248889.36,200927.09,0.36,1.01,0.2,2.16,3.29,1.64,650434.12,12.3,0
2021,101004,FF,FutureFuel Corp.,General,Consumer Defense,Georgia,889879.3,216668.97,442188.46,563933.01,968734.13,339899.85,656594.27,691157.37,0.67,2.62,0.64,1.3,1.66,2.85,589364.19,12.32,0
2021,101007,MUX,McEwen Mining Inc.,Private,Energy,Florida,245463.4,458829.38,788059.08,618755.73,905620.35,390491.8,53407.63,799124.26,0.7,0.63,1.18,2.02,1.58,2.32,100341.64,12.44,0
2021,101093,AUY,Yamana Gold Inc.,Public,Energy,Iowa,672146.92,618079.58,528502.6,342586.72,364698.93,304257.89,566501.04,111486.48,0.41,2.21,2.03,1.74,1.13,1.2,863061.57,13.16,1
2021,101021,SXC,"SunCoke Energy, Inc.",Private,Energy,North Dakota,241397.29,765912.63,818009.95,178232.35,115177.45,319340.73,854810.39,696015.82,0.64,0.76,2.4,2.56,0.56,0.36,434351.79,13.43,0
2021,101010,SKE,Skeena Resources Limited,General,Real Estate,Indiana,931953.86,731345.16,856847.69,740503.42,63769.22,404101.86,52156.95,57270.59,0.85,2.31,1.81,2.12,1.83,0.16,52488.59,13.56,1
2022,101016,ZEUS,"Olympic Steel, Inc.",Private,Health Care,Georgia,705673.51,262873.39,441921.91,501535.64,373614.76,243487.92,909026.39,422569.08,0.35,2.9,1.08,1.81,2.06,1.53,83857.91,13.83,0
2022,101029,CENX,Century Aluminum Company,Private,Consumer Defense,Florida,88550.02,238494.61,258235.27,555785.23,373507.57,145062.32,898149.64,553119.96,0.7,0.61,1.64,1.78,3.83,2.57,258227.81,13.91,0
2021,101047,AG,First Majestic Silver Corp.,General,Consumer Defense,Ohio,412497.03,27725.91,644619.27,233738.3,374384.7,228601.06,412756.85,369714.52,0.98,1.8,0.12,2.82,1.02,1.64,13533.56,13.97,1
2021,101027,NEXA,Nexa Resources S.A.,Public,Real Estate,Michigan,960836.36,294713.59,906905.07,379857.05,730003.51,395249.4,907036.19,879016.89,0.35,2.43,0.75,2.29,0.96,1.85,306006.12,14.05,0
2022,101075,AVNT,Avient Corporation,General,Real Estate,Iowa,511411.34,337414.71,356716.75,657966.8,108588.47,195430.58,728139.29,502641.81,0.26,2.62,1.73,1.83,3.37,0.56,398030.32,14.18,0
2022,101099,OLN,Olin Corporation,General,Real Estate,North Dakota,383229.06,644936.79,350119.49,767536.47,245770.09,227109.63,329758.23,723792.28,0.15,1.69,2.84,1.54,3.38,1.08,950643.61,14.25,1
2021,101039,PRM,"Perimeter Solutions, SA",Private,Financial services,Pennsylvania,952508.15,370677.63,18914.67,104338.9,136774.51,134907.95,134683.23,714277.83,0.87,7.06,2.75,0.14,0.77,1.01,505967.38,14.31,1
2021,101033,ASIX,AdvanSix Inc.,Public,Energy,Oregon,98023.43,696060.93,787358,869898.04,982757.51,365678.23,416655.85,458385.44,0.94,0.27,1.9,2.15,2.38,2.69,811452.99,14.34,0
2022,101065,TFPM,Triple Flag Precious Metals Corp.,Private,Consumer Defense,Indiana,363935.01,855453.85,836122.97,487568.77,94847.77,332987.03,188682.68,20676.21,0.12,1.09,2.57,2.51,1.46,0.28,987669,14.37,1
2022,101054,CSTM,Constellium SE,Private,Health Care,Ohio,759984.9,435821.37,801226.41,244265.51,473282.29,325399.07,234304.52,96456.24,0.28,2.34,1.34,2.46,0.75,1.45,697881.83,14.78,1
